Generation,Individual_ID,Fitness,Max_Altitude,Flight_Time,Stability,Drag,Total_Mass,Body_Length,Body_Diameter,Nose_Cone_Length,Nose_Cone_Shape,Fin_Root_Chord,Fin_Tip_Chord,Fin_Sweep,Fin_Thickness,Fin_Height,Fin_Count,Fin_Position,Launch_Lug_Position,Ballast_Mass,Parachute_Diameter,Is_Valid,Simulation_Successful
0,0,759.7906039973302,162.12011617551343,37.584768176498,8.462662403380511,0.4451559811798483,0.1220606622100695,0.3469616224343627,0.029728763160994615,0.1415440345034954,OGIVE,0.04150758761451549,0.028231032634884218,0.021652163588884093,0.0022148971569702284,0.058579424203052635,3,0.5044033569166761,0.47743430636709444,0.030457475002388153,0.22743952356475217,True,True
0,1,868.0487540278899,170.33179140087987,32.219436024080025,3.0261185366927172,0.3737982671299077,0.12221465697503792,0.20401846040396643,0.03109383037275587,0.13098511021848902,PARABOLIC,0.056904627811485135,0.020882977556752096,0.016826527252587962,0.0023533205492008245,0.028279175482782873,3,0.6768725725226744,0.455707816900494,0.04518360160846347,0.17652312911709817,True,True
0,2,232.8112316112098,78.9398508988833,21.778892317410698,8.229117296880084,1.2472339364694307,0.17146343475803955,0.4605193893737348,0.03447577507688128,0.052875271854805755,CONICAL,0.07896319140622185,0.05301105981403194,0.06084187052610875,0.001965068240140384,0.0526431626606423,4,0.40287650121126745,0.3854655005289118,0.060661767959563316,0.369164950248846,True,True
0,3,816.0331142869817,127.68838774832565,56.19762930460851,3.5339571679094437,1.047964891698968,0.14191958145625516,0.39280406290551584,0.030969347340204498,0.13636845308153983,PARABOLIC,0.05398463884774249,0.051325692169604656,0.042446398444230767,0.003665733400189245,0.020524201727424453,3,0.6240734421482375,0.2333760169622118,0.024271906139817806,0.5205430032355177,True,True
0,4,640.8016957567656,109.12674476212183,39.270565825843875,10.714240159103701,0.8656507041460156,0.15192272326070083,0.3739229123291391,0.02900087913526703,0.06642930282601965,CONICAL,0.03406890205580206,0.03355568996173333,0.008501890753588304,0.0017209438962988847,0.039248784571971645,4,0.6250418884197391,0.41330338070411643,0.058822574820608806,0.4369060982065597,True,True
0,5,752.1215487753424,106.05318110645156,34.00460268456861,4.102025054009452,0.8717621076922116,0.1535179142730343,0.24975447490632335,0.03499580769183522,0.1431406965505053,PARABOLIC,0.056409957987019047,0.0177857676984467,0.0044252245831002054,0.002330542891887532,0.032971307726939666,4,0.679604863020479,0.24778163887704951,0.052287263101346605,0.3838641671075197,True,True
0,6,432.57684506309204,84.26106841298767,22.583939182174085,3.5344123746064637,0.8834453163405619,0.16720559045928818,0.2741711541733395,0.03900416772672158,0.08168280255118154,CONICAL,0.0571254286570647,0.042033695131339935,0.02657879725602293,0.001889065667850512,0.03846421431049955,4,0.30608269621547823,0.2675001777543162,0.07320306359158608,0.3391448528316804,True,True
0,7,366.0817688512943,202.08589084555115,97.95060622981346,9.517611877645999,0.6970107301751667,0.10566702602868401,0.36250909194736247,0.027091738601017466,0.08930363481530867,CONICAL,0.04703643990236332,0.04254597149284215,0.042632110877107894,0.001659063110905178,0.05737467517954882,3,0.5245379871065146,0.25092861180136194,0.005327096478826316,0.49651278486675143,True,True
0,8,-10000.0,0.0,0.0,0.0,0.0,0.0,0.22039234046538364,0.03726588014007179,0.07960765953461636,PARABOLIC,0.03597999951557687,0.023769583110643408,0.016310263278680112,0.003275448765628809,0.03890670976090775,3,0.414361048766357,0.30857414722117316,0.05014536191593434,0.5053530923980515,True,False
0,9,833.4503518182132,130.9861422369608,40.745227886017155,6.296331367452849,0.6908513170840509,0.1394835995829881,0.4416899972639635,0.02974194113135643,0.0732489412938646,PARABOLIC,0.058589403836023526,0.03675043677733188,0.021639019228980403,0.0011551179983333819,0.022185600745689406,4,0.36629417244837975,0.37870606044988575,0.04887177226796415,0.3447252350363292,True,True
0,10,583.9085320409893,99.86543986013518,34.943119827881446,7.679097272313414,1.2428391957137965,0.15739688466029866,0.4219280076090821,0.028967234300983725,0.12914411784612417,OGIVE,0.06567670299197662,0.04920431909240687,0.03352770726013298,0.0017288493261955733,0.03352266959522745,4,0.34103677308044555,0.4619403565268298,0.049216773910562596,0.43876106605150766,True,True
0,11,404.2126795192378,207.69151388687266,105.97287636520664,5.0870374214975245,0.7004727609851779,0.10341146925603126,0.25261393878329585,0.03160980075325951,0.15073904526984044,CONICAL,0.037582432766201976,0.010329402656641916,0.032195442134589095,0.0014228447750692917,0.054758685304018964,4,0.4464434258263593,0.43080285943845104,0.0004077422557090138,0.5194836442038678,True,True
0,12,810.3032382865497,184.063549518723,33.470252064770264,3.160094614924854,0.4840997895947302,0.11019309319388036,0.359300329111117,0.030371724025324447,0.12021528708826303,OGIVE,0.10582953302719351,0.04753242185377584,0.07699455816149413,0.003366417760472948,0.029544422793191284,4,0.4441979369060601,0.3767950150827888,0.010703261308442222,0.16172197119297707,True,True
0,13,339.2632474992913,86.23072320124275,32.63884291572115,6.237943896574731,1.6465766063708869,0.1692924728399163,0.3044993854522339,0.029453496758717432,0.10378368203258248,PARABOLIC,0.03594925713545597,0.03531762255654264,0.002317979970208249,0.00387316883345943,0.04174366880748656,3,0.43756510801326454,0.35922620809885275,0.05878659501021056,0.527317111809832,True,True
0,14,388.9801398677798,89.43756309422584,24.57834606489276,7.969806935799205,0.9186118354248989,0.16619789921513584,0.320496362377517,0.026886251191428855,0.07759171565739013,CONICAL,0.09547446331150035,0.08736127644370562,0.0876151900961559,0.0023103869102410876,0.043394865467209005,3,0.6252532983288073,0.3786612890307034,0.0731954881006703,0.33986146733380485,True,True
0,15,791.9352261551701,182.21720959361528,34.95001230503584,4.085600202967315,0.448150744765022,0.11094374780815926,0.3321560167214318,0.03522979088489077,0.08936911724392255,CONICAL,0.033674812571188754,0.02438413994429556,0.012209646314778938,0.0010856209338290562,0.02991692122622093,4,0.3007873195818855,0.2937559996223245,0.031874131988286855,0.1735221983539767,True,True
0,16,389.12443432085774,227.1031004290517,80.96289031014257,7.65964504990815,0.597765734414343,0.09757893483677922,0.28995781891640005,0.024909478387889872,0.12519048124498489,OGIVE,0.08897071243513857,0.0773677108303093,0.06403077305603655,0.0010350379732784372,0.046940996101253143,3,0.6518345443606272,0.4939950666380543,0.011619973240830053,0.3431130746360144,True,True
0,17,260.3591327684994,79.21094179173154,24.633642704239534,3.872458695374739,1.608769467251292,0.17505631099221383,0.35628077950918713,0.039174734886213564,0.05812258448985369,PARABOLIC,0.08781953802434196,0.037554523851026644,0.04027975653383564,0.0018628284094913327,0.02484665914832188,4,0.5925592720922925,0.38696647981751153,0.06832190496493412,0.4361262485856432,True,True
0,18,-262.3429136786324,57.58595408946484,15.66355470770845,5.081577482954758,3.378033775395317,0.19463202448700523,0.3065683642020116,0.038238126045787454,0.05244173517708868,OGIVE,0.05082071814024712,0.027831094846010658,0.004472262121443308,0.003202170957107125,0.0449853830356394,4,0.5502877937849073,0.23542016785559033,0.07637741683125183,0.5320970128418544,True,True
0,19,842.5084418312991,127.28899232631066,46.29635801533405,4.1261606725274484,0.801315751577569,0.13899707997088617,0.3146441428057937,0.03825991653182882,0.07084571204640697,PARABOLIC,0.051968890477390776,0.035655673844759886,0.00914162904847893,0.0015980924769603434,0.03055794004805446,3,0.6767189950836568,0.24620607750563403,0.04004893903045577,0.4159615578763346,True,True
0,20,598.1786341486934,106.07693057555677,43.74269437317044,7.702801471113603,1.0131476021911445,0.15566985423235602,0.28708581862692806,0.024979829741449362,0.12504975667474116,CONICAL,0.08889741470980206,0.017668383689844306,0.04536511511113643,0.002356729132615862,0.043754109192078554,3,0.6392703551520567,0.20971526022364387,0.0540318608868368,0.5214977848718353,True,True
0,21,690.6731819403946,158.04341327774026,70.91651812192741,5.918947923553669,0.8423697700268367,0.12282651703833454,0.37677928856679155,0.025404524630352553,0.11335385308147834,OGIVE,0.11746297663507746,0.03389230426896038,0.02910035385581556,0.003083659294834472,0.04105781677816366,4,0.5347118073889704,0.4685706886472772,0.0022771790563424687,0.4907492259557452,True,True
0,22,915.0093466957178,152.348229179154,26.091850715796237,4.221697638004043,0.4413762046765523,0.12107146443560769,0.4467931999450564,0.036893363012423394,0.11799101956952718,CONICAL,0.04969134458834642,0.049226815590730666,0.020272772780564854,0.002524934584210817,0.0374598868629437,3,0.3030617421528515,0.24240810847523742,0.022029778796531254,0.1519471583117271,True,True
0,23,268.56153156335733,83.8547574215446,31.76317694038433,9.869837271370521,1.3126357664995911,0.16873270999522294,0.3270681947753866,0.028647013452554698,0.056219808193476085,CONICAL,0.03194519549808182,0.02887214263479164,0.01529702819321743,0.001029893033865408,0.059040223535861344,4,0.4524392218669003,0.38487933774712224,0.07066117489155622,0.5358729100495522,True,True
0,24,-10000.0,0.0,0.0,0.0,0.0,0.0,0.2319792098183856,0.03565895017803124,0.1487093808903499,CONICAL,0.0897467657427023,0.0723479939684751,0.04490334453091705,0.0022269691185631164,0.028697655988736137,3,0.3565187804114882,0.49123740412450173,0.0304794401704532,0.5432419828306108,True,False
0,25,352.24254366080993,281.2337553089093,64.97238685283128,3.822456215723993,0.5344567339407365,0.08809250573455911,0.23764661430593492,0.025680855579827692,0.09234123712741892,PARABOLIC,0.050783860923220084,0.01843999333669382,0.037265392346784776,0.0017487045625795897,0.027784436459215547,3,0.3627128827204287,0.4576145319678511,0.020002309375725905,0.20362112719034092,True,True
0,26,506.5363495333108,90.36226499501764,31.929366640636122,3.543684817729197,1.6104930494633924,0.16419289884710894,0.4597118691136776,0.03763641492360318,0.19837938742865252,OGIVE,0.10694833885089595,0.03657014497131706,0.006622639133347859,0.0024693425190647177,0.027838332986471627,3,0.6733668190907223,0.4748739509827101,0.024849562932360927,0.4671468003744512,True,True
0,27,351.3504978769341,85.68247357011765,35.33838611700154,4.901257023452742,2.1802628320071387,0.16914228415966082,0.4033455015076403,0.03301095081111762,0.12795467366037588,PARABOLIC,0.07610441725628272,0.028256758150779306,0.06649309729946593,0.003619879449990839,0.0358892995308869,3,0.38246097211645225,0.34890642123198473,0.03493840249790137,0.5893705830940986,True,True
0,28,511.2565652731735,94.69472271552193,33.12083006970601,4.218463168134716,1.4880184081873586,0.1640051344037471,0.30975377697418643,0.027298343438222895,0.08594598636048875,OGIVE,0.10359197623939827,0.07923252781509597,0.017377794937000816,0.0025404546887296897,0.022886427393930157,3,0.6468677928392654,0.34310917561894044,0.06631590806097674,0.45246644306297634,True,True
0,29,869.158717999267,150.47390373609883,43.419574700840926,3.7367534323623905,0.6471331620141371,0.12482402012321646,0.43658841329796017,0.03209497819308251,0.06705954445754572,CONICAL,0.11365765709080357,0.03290772697144841,0.019167190627743958,0.00255243798330746,0.02439271935055098,4,0.3842404928969016,0.348974543472672,0.028491546789080557,0.29883994547339454,True,True
1,0,830.2169344001809,129.32878203778196,40.14993632779293,6.3049698631223565,0.7336540737473672,0.13998797197087182,0.4416899972639635,0.02974194113135643,0.0732489412938646,OGIVE,0.0574863263493977,0.03744890628976166,0.021639019228980403,0.0011551179983333819,0.022185600745689406,4,0.36313155596024044,0.41126466210347845,0.04931226707853928,0.3447252350363292,True,True
1,1,586.4085431438557,101.08543888137714,35.52082825418803,7.839282594557828,1.0825205203179442,0.15694708976406496,0.4219280076090821,0.028967234300983725,0.12914411784612417,PARABOLIC,0.06677978047860245,0.048505849579977084,0.03352770726013298,0.0017288493261955733,0.03352266959522745,4,0.34419938956858487,0.4293817548732371,0.048776279099987475,0.43876106605150766,True,True
1,2,380.90992314392554,178.32627469202498,91.9103086531366,13.881286156787652,0.8074807094755806,0.11606463326740706,0.45121362123925246,0.0245939396760539,0.08930363481530867,OGIVE,0.04703643990236332,0.04254597149284215,0.042632110877107894,0.001659063110905178,0.05737467517954882,3,0.5245379871065146,0.26843645497596985,0.005327096478826316,0.5547687722094307,True,True
1,3,730.9276408649538,200.05494880385942,39.40446729329627,3.3187061768690636,0.49694495807218986,0.10547579139827862,0.3321560167214318,0.03522979088489077,0.07033985769842126,OGIVE,0.03,0.02438413994429556,0.010753788051433472,0.001,0.02991692122622093,3,0.3007873195818855,0.2937559996223245,0.02625557930690847,0.17717776870253032,True,True
1,4,892.110092144326,160.3400966267355,29.804537999682577,3.695163587121833,0.35883633091458117,0.12523718954230062,0.20541473942211314,0.03109383037275587,0.13098511021848902,CONICAL,0.0534653031367267,0.020882977556752096,0.014739479026773545,0.0025141826065787666,0.028279175482782873,4,0.6768725725226744,0.455707816900494,0.050802154289841854,0.17286755876854454,True,True
1,5,281.6912826898822,79.36444784514849,31.458400284092193,3.9680820056651402,1.906065611865632,0.1735493665466737,0.30686832414689735,0.03209497819308251,0.06705954445754572,CONICAL,0.11365765709080357,0.010512031423060517,0.019167190627743958,0.002326137831219105,0.05232978603530441,3,0.33995011953515875,0.348974543472672,0.05493048203130179,0.5955337900615749,True,True
1,6,612.6708514469021,207.1424758483985,49.1340233752129,6.122743038374572,0.5448087137393289,0.1072849018925501,0.3921853201836935,0.024979829741449362,0.14953974405094722,CONICAL,0.09717856005838837,0.04006407923823221,0.04536511511113643,0.002583029284704217,0.02,4,0.7390889517818824,0.20971526022364387,0.023410376581028968,0.22480394028365494,True,True
1,7,696.6670749150201,98.33911271650983,25.41812378606997,3.8912275698740886,0.7505003659911964,0.15668753112947897,0.43658841329796017,0.03616886766764253,0.08684241121558631,OGIVE,0.12,0.03290772697144841,0.01577245134877235,0.00255243798330746,0.03922705598017603,4,0.26066066329669657,0.348974543472672,0.04109036142384051,0.29883994547339454,True,True
1,8,628.7772686894942,107.46892283192626,38.583608485260235,9.956167989010781,1.0705053219139469,0.15314643156281454,0.4219280076090821,0.02694838590349735,0.1203267328259046,PARABOLIC,0.06567670299197662,0.04920431909240687,0.03352770726013298,0.001593225123578366,0.0380130368027556,4,0.36932265600614506,0.4619403565268298,0.04873192153086796,0.43876106605150766,True,True
1,9,762.3012398424609,121.59969972326442,26.923931729071434,10.864252401862368,0.45272892156755773,0.14462235236301152,0.4387749048320939,0.02900087913526703,0.07536355896029458,OGIVE,0.03213481869373077,0.03213481869373077,0.0035877421129318805,0.002762782566978086,0.0386596180218597,3,0.6250418884197391,0.38136893442898134,0.05827546969044155,0.22853742038260816,True,True
1,10,872.2370980145921,137.8194694820224,45.71478467254652,4.483771048187686,0.7437081579363676,0.12976227866710607,0.3819412074421016,0.036893363012423394,0.10905676343525227,CONICAL,0.04969134458834642,0.049226815590730666,0.025186921421221278,0.002524934584210817,0.03818309096563259,4,0.3030617421528515,0.24240810847523742,0.022029778796531254,0.3603158361356786,True,True
1,11,817.5836272829703,119.15400038995918,42.44788976423492,4.807454078868096,0.833449106782596,0.14384402133558521,0.34298972156487945,0.03825991653182882,0.08583682209349729,PARABOLIC,0.05794860100388288,0.035655673844759886,0.00914162904847893,0.00144269138618756,0.033919311713346605,3,0.6808613739458264,0.24792880057513456,0.04004893903045577,0.4159615578763346,True,True
1,12,851.7450532188549,115.39217465166652,37.92677920351184,3.387022612625896,0.7304258225219924,0.14844144616349403,0.22140889614723763,0.03499580769183522,0.12814958650341496,PARABOLIC,0.050430247460526934,0.0177857676984467,0.0044252245831002054,0.002485943982660315,0.029609936061647517,4,0.6754624841583095,0.24605891580754902,0.052287263101346605,0.3838641671075197,True,True
1,13,807.5291219064218,169.45583248830923,29.093724836147278,6.820683834437943,0.42431691761636703,0.11630084307057702,0.4467931999450564,0.029884939437359766,0.11799101956952718,CONICAL,0.04969134458834642,0.049226815590730666,0.020272772780564854,0.0029859582858818732,0.0374598868629437,4,0.3030617421528515,0.33576749830929714,0.022222558711023965,0.1519471583117271,True,True
1,14,883.686186838832,171.58175407229322,31.162719894128553,1.6939688637071284,0.48254869781035276,0.11290434774458959,0.359300329111117,0.037380147600388075,0.12021528708826303,OGIVE,0.10582953302719351,0.04753242185377584,0.07699455816149413,0.0029053940588018917,0.029544422793191284,3,0.4441979369060601,0.28343562524872906,0.01051048139394951,0.16172197119297707,True,True
1,15,853.3476427095686,148.66607987733013,42.74178762829025,4.959397797507388,0.6523023220752002,0.12602240327153513,0.43658841329796017,0.03301729654836337,0.06705954445754572,CONICAL,0.11365765709080357,0.03290772697144841,0.019167190627743958,0.00255243798330746,0.02439271935055098,4,0.7200870891433852,0.39245668063987077,0.028491546789080557,0.29883994547339454,True,True
1,16,674.2261294831611,109.21915658530918,39.30710407934283,9.110436705871281,0.9917019940415273,0.1518625265402784,0.3739229123291391,0.02807856077998617,0.06642930282601965,CONICAL,0.03406890205580206,0.03355568996173333,0.009096323050965988,0.0017209438962988847,0.04558692579803538,4,0.28919529217325557,0.3698212435369177,0.058822574820608806,0.4369060982065597,True,True
1,17,668.2671621683007,207.70729433942236,38.778146776377405,5.321548624693584,0.5248578014480949,0.09928704865486637,0.41306773027694726,0.030371724025324447,0.12021528708826303,PARABOLIC,0.10582953302719351,0.052743588787371745,0.04263216993068245,0.001,0.029544422793191284,4,0.4441979369060601,0.3767950150827888,0.010703261308442222,0.16172197119297707,True,True
1,18,834.1187270378176,126.42888271007095,44.87714339363735,4.687796654549247,0.9210327194648984,0.1428059246313925,0.4006163663435502,0.02849303750874447,0.0732489412938646,CONICAL,0.058589403836023526,0.031539269843735965,0.05600140745979208,0.0039555117623176215,0.022185600745689406,3,0.3477767128394746,0.38099661048245537,0.04887177226796415,0.4084021290365707,True,True
1,19,832.3731511462171,173.4073503318833,29.89715570944856,4.519439440467824,0.45269451109534575,0.11402379437057458,0.4467931999450564,0.033262933709074086,0.11799101956952718,CONICAL,0.04969134458834642,0.049226815590730666,0.020272772780564854,0.002524934584210817,0.031024683749719457,3,0.3030617421528515,0.24240810847523742,0.022029778796531254,0.1519471583117271,True,True
1,20,935.9741479364432,153.6686522992682,28.907142166232735,3.0258464241067844,0.35695141988292367,0.1275849893196966,0.20401846040396643,0.03472425967610518,0.13098511021848902,PARABOLIC,0.056904627811485135,0.020882977556752096,0.016826527252587962,0.0023533205492008245,0.03471437859600711,3,0.6768725725226744,0.455707816900494,0.04518360160846347,0.17652312911709817,True,True
1,21,839.3491380230677,180.3690199594452,30.984768269391054,2.8110051174135937,0.4739534556732531,0.11077220347266575,0.359300329111117,0.031621032720575426,0.1032984107152464,OGIVE,0.10582953302719353,0.057134564456577844,0.07699455816149413,0.003366417760472948,0.029544422793191284,4,0.478316766796876,0.3767950150827888,0.010703261308442222,0.15,True,True
1,22,740.6037446401323,201.66667092501132,37.50963534170973,2.949406120739779,0.5111741481029585,0.10117719455236557,0.32978618149285244,0.030371724025324447,0.12021528708826303,OGIVE,0.10582953302719353,0.04753242185377584,0.07699455816149413,0.003366417760472948,0.0346360141152362,4,0.5124993293508293,0.3767950150827888,0.0,0.16172197119297707,True,True
2,0,780.5873285088778,172.84238481852827,29.472980297765424,7.536353228546261,0.4307936913427921,0.11468797403781357,0.4467931999450564,0.029772307118808152,0.10167723538569651,CONICAL,0.04969134458834642,0.049226815590730666,0.018680987037781618,0.0029859582858818732,0.0374598868629437,4,0.4099972316743539,0.33411463371221944,0.022222558711023965,0.15,True,True
2,1,896.8538825619926,140.05895194353155,47.11110315041811,3.321489505751658,0.785028330748654,0.13123495673149996,0.43658841329796017,0.03220761051163413,0.08337332864137639,CONICAL,0.11365765709080357,0.03290772697144841,0.020758976370527194,0.00255243798330746,0.02439271935055098,4,0.2773050033753991,0.3506274080697497,0.028491546789080557,0.36688506965739,True,True
2,2,754.6422859166358,168.0318447304202,54.413339563331796,4.3835336330824175,0.6568864601263978,0.12100559622810178,0.37129169912879667,0.02974194113135643,0.0732489412938646,OGIVE,0.0574863263493977,0.05096615952899732,0.021639019228980403,0.0023428828921190433,0.022185600745689406,4,0.3314873748106602,0.2142084008564546,0.03085760249069941,0.33749088031280583,True,True
2,3,774.5153490254256,106.30146379926263,35.603783115673224,6.220416056818017,1.0169540459806956,0.14991109414352585,0.4523395055772684,0.036893363012423394,0.10905676343525227,CONICAL,0.04969134458834642,0.03403140388520867,0.025186921421221278,0.0013371696904251554,0.03818309096563259,4,0.3347059233024317,0.4394643697222613,0.04048444338437112,0.4024328940723172,True,True
2,4,746.1451310937982,110.09741853186512,46.08271300268503,4.732056968507264,1.2689935347891868,0.15143251979636502,0.39280406290551584,0.03217557779697834,0.1298312301455441,PARABOLIC,0.051971327007536754,0.051325692169604656,0.019016308070097836,0.003665733400189245,0.020524201727424453,4,0.7401401422816858,0.21344918008732794,0.030262981038088096,0.5205430032355177,True,True
2,5,820.771843001012,148.76424187915543,56.58400437902932,3.8032308367574696,0.7344834104329969,0.12724923365644442,0.3146441428057937,0.03825991653182882,0.11193930990118336,PARABOLIC,0.05398220231759651,0.035655673844759886,0.03257171942261186,0.0015980924769603434,0.03055794004805446,3,0.6767189950836568,0.24620607750563403,0.021909271553478382,0.4159615578763346,True,True
2,6,786.4243330196408,195.18756206107747,33.78104661472115,2.4670401870560337,0.49121461858265775,0.10573048390293976,0.359300329111117,0.031621032720575426,0.1032984107152464,OGIVE,0.10995135159606495,0.057134564456577844,0.07699455816149413,0.003366417760472948,0.029544422793191284,3,0.5322545945044719,0.33850746773737045,0.010703261308442222,0.15,True,True
2,7,879.9067898134133,145.24216257178318,53.09533727077839,2.1221281024984253,0.7060295185368631,0.13532496383244488,0.2,0.02849303750874447,0.09999999999999999,PARABOLIC,0.058589403836023526,0.020389400526527515,0.05600140745979208,0.0031622662720152466,0.023949775187710597,3,0.3477767128394746,0.38099661048245537,0.049866057769965985,0.4084021290365707,True,True
2,8,714.9093036818695,102.09957372617188,18.522214681634043,5.399937477284975,0.42050295252144604,0.1533396762323268,0.4288109387004306,0.03915586756613459,0.12646731147529366,CONICAL,0.056904627811485135,0.032032846873960547,0.016826527252587962,0.004,0.03295020415398592,4,0.6768725725226744,0.26371259258879615,0.04418931610646164,0.17652312911709817,True,True
2,9,920.9334575923237,127.02660148375247,21.20659994773124,3.0645450802898133,0.38397166796035775,0.13616350603914762,0.4467931999450564,0.036893363012423394,0.11799101956952718,OGIVE,0.10337882766518328,0.04823757449941443,0.020272772780564854,0.0034247528951028986,0.0374598868629437,3,0.3030617421528515,0.3388249470205604,0.022138347783247116,0.15,True,True
2,10,429.52297932785643,259.40268115983133,61.11429234124631,4.3109620066383725,0.5953125368442139,0.08320437182993526,0.32978618149285244,0.030371724025324447,0.12021528708826303,CONICAL,0.052142049950356664,0.048521662945092074,0.052142049950356664,0.0024665994495808668,0.0346360141152362,3,0.5124993293508293,0.34503967613274483,0.0,0.1998096793606962,True,True
2,11,881.5559015516611,172.12517031243917,31.24946548191117,1.7586660294090692,0.4869612555254766,0.11278475905198786,0.359300329111117,0.03723825346880498,0.12021528708826303,OGIVE,0.10582953302719351,0.04753242185377584,0.0786776803802766,0.0029247334058524104,0.029544422793191284,3,0.4441979369060601,0.21711903235423702,0.01051048139394951,0.16172197119297707,True,True
2,12,920.9445683579538,150.87727482227257,25.707336184712638,4.166318203385736,0.42470388397812237,0.12359841315941618,0.4467931999450564,0.036893363012423394,0.1160648569069371,PARABOLIC,0.04969134458834642,0.04581246898782998,0.020272772780564854,0.002524934584210817,0.03080597571677502,3,0.44091255381977706,0.24240810847523742,0.022029778796531254,0.1519471583117271,True,True
2,13,836.6474873889227,126.07458124928934,45.93459359556413,4.292424265278621,0.7858353115295916,0.1373924364520404,0.3146441428057937,0.03825991653182882,0.07277187470899704,CONICAL,0.051968890477390776,0.03907002044766057,0.00914162904847893,0.0015980924769603434,0.037211851194223135,3,0.5388681834167313,0.24620607750563403,0.04004893903045577,0.4159615578763346,True,True
2,14,879.1128255037291,172.67763988052388,31.407057886187282,1.3283091233685589,0.4883835662703713,0.1123042274207155,0.3604753584387111,0.037380147600388075,0.12021528708826303,OGIVE,0.10582953302719351,0.04753242185377584,0.09189248478560556,0.00290798565307572,0.027982732764931496,3,0.3709806863234111,0.28343562524872906,0.01051048139394951,0.16172197119297707,True,True
2,15,811.3992012174537,181.82354514205178,34.42405842435218,3.5325971730015877,0.3626617218007983,0.11961992640442266,0.2,0.02784536146759092,0.13098511021848902,CONICAL,0.056904627811485135,0.020882977556752096,0.0019286006284765268,0.0023507289549269963,0.02626839411437666,3,0.7500898231053234,0.5860847552702286,0.050851326453955736,0.17652312911709817,True,True
2,16,858.6597260292668,131.86416591442688,40.43159821674081,5.2424079588401,0.7335287981209394,0.13609567694041214,0.43658841329796017,0.03301729654836337,0.1904546396061796,OGIVE,0.06685603220758018,0.02918619613224828,0.010677623579696403,0.0025371166534712652,0.02439271935055098,4,0.6901732128366451,0.4809649200546327,0.021751236204962172,0.33515192406700356,True,True
2,17,881.8662334838177,118.20424575658733,34.43859467573246,3.2905110344895254,0.6078705977205306,0.1459028412122447,0.22140889614723763,0.03499580769183522,0.07859110385276237,PARABOLIC,0.06867118587730159,0.0177857676984467,0.012914791631147761,0.0025012653124965095,0.029609936061647517,4,0.7053763604650495,0.24605891580754902,0.059027573685465,0.32752773536184454,True,True
2,18,855.1171087358873,154.84140279238042,44.89765714654596,3.4266273548085198,0.674492025575725,0.12327087031594021,0.43658841329796017,0.03209497819308251,0.06705954445754572,CONICAL,0.10833629531588493,0.03290772697144841,0.015424661823105068,0.00255243798330746,0.02211197920210309,4,0.3842404928969016,0.2405005084422372,0.028491546789080557,0.29883994547339454,True,True
2,19,981.3344402116011,144.2299125417562,27.06907600360225,2.2375293547655914,0.3730687367697235,0.13065459809953237,0.20401846040396643,0.03721617876074507,0.141816971391705,PARABOLIC,0.05715904285511458,0.020882977556752096,0.016826527252587962,0.0020367752666504047,0.030878198549193648,3,0.6768725725226744,0.455707816900494,0.04518360160846347,0.17652312911709817,True,True
3,0,874.549351462625,133.53382251722059,47.170671797164665,3.3733556266322258,0.8635576233354076,0.13439347102523472,0.43658841329796017,0.03222846782529916,0.0909051591565857,CONICAL,0.1123043313247089,0.03290772697144841,0.015424661823105068,0.00255243798330746,0.025166804478375226,4,0.2787440960592835,0.2405005084422372,0.028491546789080557,0.39389111196288284,True,True
3,1,845.9281648366551,161.842386128591,43.71538248793305,2.9743339385038836,0.6225462857248114,0.12033107560874252,0.43658841329796017,0.03207412087941748,0.0833770199738382,CONICAL,0.097986910632432,0.01770010189083509,0.020758976370527194,0.00255243798330746,0.02,4,0.3828014002130172,0.3506274080697497,0.028491546789080557,0.2718339031679017,True,True
3,2,867.9127688779502,164.53698203121047,28.24155311108086,4.778670946249883,0.4569020151327664,0.11757951544136591,0.4467931999450564,0.03446678420405319,0.14989285538955016,CONICAL,0.052843633315017624,0.04581246898782998,0.020272772780564854,0.0020821164492903646,0.03080597571677502,3,0.44091255381977706,0.27168013701402255,0.022029778796531254,0.1519471583117271,True,True
3,3,799.8560131283821,192.00479507577742,33.23199312999192,2.4274136151839754,0.4833563137816523,0.1062383051774282,0.359300329111117,0.03312762484842145,0.12021528708826303,OGIVE,0.10475835211059704,0.04753242185377584,0.07699455816149413,0.0029053940588018917,0.029544422793191284,3,0.4441979369060601,0.28343562524872906,0.01051048139394951,0.15,True,True
3,4,908.3515932945397,137.37562592703497,41.59151083150005,3.430779858803203,0.5661504537433404,0.13469328117360604,0.21888284307474626,0.031757938745379286,0.08111715692525373,CONICAL,0.06867118587730159,0.0177857676984467,0.012914791631147761,0.0025038161658498155,0.02855648510445785,4,0.6700014617577784,0.24605891580754902,0.05390462514163315,0.32752773536184454,True,True
3,5,938.644124389016,130.6416774879643,23.892500581738144,3.309557360153663,0.31572886977159736,0.13871352199368883,0.2079407924946045,0.0343316993192118,0.12908861365471647,PARABOLIC,0.0534653031367267,0.020882977556752096,0.014739479026773545,0.0025116317532254606,0.029332626439972535,4,0.7122474712299456,0.455707816900494,0.0559251028336737,0.17286755876854454,True,True
3,6,945.212320965031,150.9417698458275,28.433200639965484,2.8561527179077633,0.33627084709233507,0.12785108798863323,0.20401846040396643,0.035610122416840626,0.13098511021848902,PARABOLIC,0.05698327796750255,0.020882977556752096,0.016826527252587962,0.0020710763312839883,0.03471437859600711,3,0.6768725725226744,0.455707816900494,0.04518360160846347,0.17652312911709817,True,True
3,7,980.4390314458026,141.08942690895339,26.347036664442285,2.797479659344901,0.37140101704271583,0.13329577093537726,0.20401846040396643,0.03633031602000962,0.1654355963199821,PARABOLIC,0.05135408090188835,0.020882977556752096,0.02509163252742213,0.002319019484567241,0.030878198549193648,3,0.7939725028346932,0.455707816900494,0.04518360160846347,0.17652312911709817,True,True
3,8,939.9338324547273,148.95398786073014,28.29192041556864,3.7239136649007665,0.4361199203616827,0.12423105069101885,0.4467931999450564,0.03723608989420824,0.11799101956952718,OGIVE,0.04969134458834642,0.011992505463028677,0.02180552263180642,0.00271880492866155,0.0374598868629437,3,0.227820218242341,0.33205428837943685,0.022029778796531254,0.1765096378216354,True,True
3,9,956.2654213124755,151.69374702393372,25.713911410050137,2.266495542955542,0.3935607010084668,0.12577848077289244,0.20401846040396643,0.03889042284431166,0.1343062056940962,CONICAL,0.05715904285511458,0.04332143190226155,0.019090735180157536,0.0018429049221996717,0.030878198549193648,3,0.6768725725226744,0.5488619005728549,0.04518360160846347,0.15196064960718986,True,True
3,10,943.439932584054,156.44967696529676,26.63489231499487,2.377454619221859,0.42218583684816113,0.11908053648317087,0.38085407250439063,0.036893363012423394,0.11714621372670753,OGIVE,0.10171166853240686,0.05783033501709888,0.0,0.002810840420946209,0.0374598868629437,3,0.3360995933607973,0.30763360924256955,0.01291419198422687,0.15,True,True
3,11,945.1960466856547,156.55752447123672,28.109082091154487,1.2426842529825495,0.45038101837922523,0.11997441417725088,0.4264144858793769,0.037380147600388075,0.12106009293108269,OGIVE,0.10582953302719351,0.04811997656795508,0.10582953302719351,0.0034530049266911092,0.027982732764931496,3,0.2951034174284224,0.3146269630267199,0.01051048139394951,0.16172197119297707,True,True
3,12,951.7054317019362,153.67695588999615,27.047596319404622,2.41890462825791,0.44573206671547844,0.12031754879856037,0.4645169820067552,0.037380147600388075,0.12021528708826303,PARABOLIC,0.10582953302719351,0.04753242185377584,0.07699455816149413,0.002803268202118475,0.029438189953806735,3,0.4441979369060601,0.28343562524872906,0.01051048139394951,0.15707529411336815,True,True
3,13,883.7922310902521,167.99896497061684,29.54919250464595,3.155294487140378,0.44987853681882617,0.11610612325623562,0.3415765470494182,0.036893363012423394,0.1160648569069371,OGIVE,0.04969134458834642,0.04581246898782998,0.020272772780564854,0.002627060440894234,0.030912208556159573,3,0.44091255381977706,0.24240810847523742,0.022029778796531254,0.156593835391336,True,True
3,14,913.048564454349,158.64329708803993,27.100119193069713,3.537108694126866,0.4358880209022068,0.12053095947043806,0.39131532280950787,0.03691236838372777,0.12230577182543809,OGIVE,0.04969134458834642,0.04581246898782998,0.016560856760876673,0.0025564404519659114,0.031005708779108902,3,0.38692393280541854,0.24240810847523742,0.022029778796531254,0.1519471583117271,True,True
3,15,898.7430101859505,167.6867398651493,30.382030007345957,2.042344700765847,0.4621505691660454,0.11441648240593011,0.359300329111117,0.037361142229083696,0.12137995599338022,PARABOLIC,0.10582953302719351,0.04753242185377584,0.07699455816149413,0.0029135272831482925,0.03269702028353241,3,0.4441979369060601,0.28343562524872906,0.01051048139394951,0.16172197119297707,True,True
3,16,930.5732624796342,121.6875092332482,22.673133255408228,1.68451579767127,0.38920257380037826,0.14342388744651158,0.23857881868668013,0.03723825346880498,0.12021528708826303,PARABOLIC,0.08398839762932328,0.04753242185377584,0.08398839762932328,0.0024443537628831636,0.029544422793191284,3,0.35094486696003346,0.4764335403539922,0.05374436470222464,0.1794169531216343,True,True
3,17,719.5955967305442,193.0723659409381,44.065118276179895,4.098365353149014,0.5468759999034943,0.10365177245459319,0.32473997082840333,0.03472425967610518,0.13098511021848902,OGIVE,0.07874576320935538,0.0275525903917139,0.0,0.0031429727469777556,0.03471437859600711,4,0.814463449210535,0.19639330890073878,0.0019497183001883373,0.20940247085596808,True,True
3,18,878.6433339474204,171.82716525164437,31.452372456134917,2.1539676410049924,0.4798990516985325,0.11022053367653309,0.3631625602535957,0.03723825346880498,0.12021528708826303,CONICAL,0.10582953302719351,0.04753242185377584,0.02421952344787645,0.002541843688127109,0.029544422793191284,4,0.4441979369060601,0.22642599778420042,0.01051048139394951,0.16172197119297707,True,True
3,19,764.9394143240016,160.47677587150804,54.898664777460134,5.010695147372363,0.7100041822487608,0.12180062509657573,0.3780789762996228,0.03076538427598309,0.10905676343525227,CONICAL,0.0686710769104377,0.049226815590730666,0.04613988224917568,0.0029078243019361183,0.03818309096563259,3,0.3030617421528515,0.23310114304527402,0.022029778796531254,0.3603158361356786,True,True
3,20,798.0080251618393,192.0589044294264,35.784731930660776,1.8084237037028172,0.5611657278007304,0.10188768184794435,0.38910210216265473,0.03734422346771607,0.12021528708826303,OGIVE,0.10582953302719351,0.04753242185377584,0.037673180597471954,0.0023230220798387486,0.02925875770453117,3,0.4441979369060601,0.28343562524872906,0.0,0.16172197119297707,True,True
3,21,902.4696549724372,116.09339150845308,21.301827993467818,2.213467452051771,0.3455306687199491,0.14720889558581704,0.2,0.03725210289341707,0.141816971391705,PARABOLIC,0.05715904285511458,0.020882977556752096,0.05614790481661013,0.0026191472456135482,0.031163863637853763,3,0.6768725725226744,0.455707816900494,0.060529175520923545,0.17652312911709817,True,True
4,0,929.2617250984086,126.26920829973805,20.9545652788661,2.4737987913528845,0.3203098966361262,0.1393330986594404,0.23176733183871479,0.035889943073866476,0.15111207522951703,OGIVE,0.08398839762932328,0.02709234411676059,0.010899667017217392,0.002182719293531944,0.04798187955872152,3,0.35094486696003346,0.4621072218505728,0.0461199801470657,0.15,True,True
4,1,976.6273038251384,135.00581640002193,25.151566718541407,2.347572338332442,0.36132610384455793,0.1362498068385562,0.21082994725193177,0.03519117763954054,0.12263033745764439,PARABOLIC,0.056904627811485135,0.04132305529376734,0.056904627811485135,0.0023533205492008245,0.02784374772384605,3,0.6768725725226744,0.4700341354039134,0.05390392741291321,0.17652312911709817,True,True
4,2,943.9999724572627,152.75104688346096,26.37160952398314,2.706109268136072,0.43698861574311804,0.12089850116700894,0.38085407250439063,0.036893363012423394,0.11714621372670753,OGIVE,0.10171166853240686,0.05783033501709888,0.00010883951781118051,0.002810840420946209,0.0374598868629437,3,0.4673020799259158,0.30517486892851375,0.014618877283062753,0.15354594316068743,True,True
4,3,883.972230241184,171.40257643801056,29.724851559894507,2.552917197247854,0.43193990256872056,0.11428588370518077,0.3415765470494182,0.036893363012423394,0.1160648569069371,OGIVE,0.04969134458834642,0.04581246898782998,0.020163933262753675,0.002627060440894234,0.030912208556159573,3,0.30971006725465855,0.24486684878929318,0.020325093497695373,0.15304789223064857,True,True
4,4,597.2068119175124,96.15991848636708,16.42204848186923,3.146157690420372,0.37306552961757017,0.16008443166090205,0.359300329111117,0.03688106691179835,0.14024931624679815,PARABOLIC,0.10569211271547359,0.04753242185377584,0.07699455816149413,0.0029135272831482925,0.03269702028353241,3,0.42295565043795463,0.28343562524872906,0.05409533012080401,0.16172197119297707,True,True
4,5,568.0841793570864,248.19495242362606,47.221166781399994,1.5764454480727623,0.6083716683448849,0.08051881749713904,0.20401846040396643,0.03937049816159701,0.11543684544067828,CONICAL,0.05729646316683451,0.04332143190226155,0.019090735180157536,0.0018429049221996717,0.030878198549193648,3,0.69811485899078,0.5488619005728549,0.0015987528816089752,0.15196064960718986,True,True
4,6,504.1017869927019,91.4937237264273,16.72849865469384,2.7802538630789706,0.42493530743541674,0.16440116552384423,0.3020492104838466,0.03528376551455023,0.13415976597732385,PARABOLIC,0.11844643398612004,0.019964382305998427,0.07699455816149413,0.002724902321347965,0.03324445122457467,3,0.39561268025354424,0.28343562524872906,0.06721077946972265,0.18354075850597779,True,True
4,7,577.3773943736346,242.92902380104195,45.95211459737797,2.653078115115047,0.5893729333881728,0.08482439863980046,0.25090344905920525,0.03756134710023491,0.1056670794960447,OGIVE,0.04436637700857604,0.04436637700857604,0.017386309947675056,0.0020710763312839883,0.03416694765496485,3,0.6247265531317246,0.455707816900494,0.0,0.15470434180409748,True,True
4,8,907.2927419114292,116.33011966213726,21.24721170093261,1.7679149851561655,0.39017169654522826,0.14513752157609713,0.23857881868668013,0.03723825346880498,0.10227425483536119,PARABOLIC,0.09134701020705512,0.045130572693512526,0.0017023973373564566,0.0024443537628831636,0.03152324024842709,4,0.35094486696003346,0.2642002933172461,0.05374436470222464,0.17480129405094658,True,True
4,9,913.5244690620798,161.3109745106189,28.227503899234833,3.0302872471198143,0.41875022538329704,0.11938081385177356,0.39131532280950787,0.03691236838372777,0.12230577182543809,OGIVE,0.04233273201061459,0.04233273201061459,0.04233273201061459,0.0025564404519659114,0.029026891323873094,3,0.38692393280541854,0.45464135551198354,0.022029778796531254,0.1565628173824148,True,True
4,10,862.3604084836056,174.6312036762577,33.9919058145015,1.9137194942753561,0.5253362499692203,0.11146944947859035,0.359300329111117,0.03745950400408776,0.12137995599338022,PARABOLIC,0.10582953302719351,0.01,0.07699455816149413,0.0029135272831482925,0.03269702028353241,3,0.3534814967811864,0.28343562524872906,0.01051048139394951,0.17632277240088595,True,True
4,11,954.7901167750028,146.46825777639418,25.83943716722998,3.1976047212577856,0.3647063581853119,0.1299223869666922,0.20401846040396643,0.03462589790110111,0.13098511021848902,PARABOLIC,0.056904627811485135,0.056904627811485135,0.016826527252587962,0.0023533205492008245,0.03471437859600711,3,0.7675890126475481,0.455707816900494,0.04518360160846347,0.16192232790918928,True,True
4,12,938.644124389016,130.6416774879643,23.892500581738144,3.309557360153663,0.31572886977159736,0.13871352199368883,0.2079407924946045,0.0343316993192118,0.12908861365471647,PARABOLIC,0.0534653031367267,0.0208829775567521,0.014739479026773545,0.0025116317532254606,0.029332626439972535,4,0.7122474712299456,0.455707816900494,0.0559251028336737,0.17286755876854454,True,True
4,13,933.7300992134813,128.72540381981005,23.485360437951194,3.1593334467726306,0.34528654741103937,0.1401320536224846,0.24322123892762176,0.0343316993192118,0.12908861365471647,PARABOLIC,0.0534653031367267,0.0208829775567521,0.012071226717411516,0.0025116317532254606,0.02498276222969758,4,0.5811703067580032,0.455707816900494,0.0559251028336737,0.17286755876854454,True,True
4,14,902.6296783527882,165.0511396009576,31.47142595616861,2.3127506734526024,0.40826135120450546,0.1202517948630986,0.20401846040396643,0.03721617876074507,0.141816971391705,PARABOLIC,0.05715904285511458,0.020882977556752096,0.016826527252587962,0.0020367752666504047,0.027533856707513075,4,0.6768725725226744,0.455707816900494,0.033844435028124745,0.17652312911709817,True,True
4,15,959.6541340801317,151.99929886208383,26.173691330904617,2.04691041525031,0.398791959518036,0.12547661346256941,0.20401846040396643,0.03889042284431166,0.13637170095876233,CONICAL,0.056780552075790025,0.05097065677151595,0.018395105752765574,0.001623920772980944,0.029044146467305854,3,0.607063090087545,0.5488619005728549,0.04518360160846347,0.15516699258415856,True,True
4,16,941.7554095587446,151.1649542186563,28.426564577505125,2.993571656474033,0.36471775191481254,0.12825438606244294,0.20401846040396643,0.03472425967610518,0.13098511021848902,OGIVE,0.05728311859080968,0.01323375268749769,0.017522156679979924,0.0024118457305054453,0.03064238018617595,4,0.6768725725226744,0.35034993637091344,0.04518360160846347,0.17652312911709817,True,True
4,17,907.5501087289337,166.5306658735597,29.3402001425371,1.446958841839464,0.46223661680035777,0.11488643825692205,0.3623902088250548,0.037380147600388075,0.12021528708826303,OGIVE,0.10582953302719351,0.054251754257371616,0.07699455816149413,0.00281160333836224,0.029438189953806735,3,0.3277252294881925,0.29596962407789384,0.012360310487334276,0.15591589570465283,True,True
4,18,954.3057788129859,145.37244716171753,24.751908887018153,3.601696575373004,0.4178624561367963,0.1242422729125623,0.482980845686091,0.036893363012423394,0.11714621372670753,PARABOLIC,0.10171166853240686,0.051111002613503105,0.0,0.002802505284702444,0.0374598868629437,3,0.4525723007786649,0.2950996104134047,0.011064362890842106,0.1511593984087153,True,True
4,19,898.0419007653376,116.9492947473836,21.497524501931053,2.6144534292152666,0.3345525710886592,0.146464210956957,0.20401846040396643,0.03633031602000962,0.1654355963199821,CONICAL,0.05158530487647157,0.020882977556752096,0.016446469041036034,0.0018765267764980654,0.03015819796385799,3,0.6762022038965558,0.455707816900494,0.06600319475639976,0.17652312911709817,True,True
4,20,933.2762678229108,153.81277741993696,29.000988330283175,2.8682775280349877,0.3671707499105461,0.12700179366292497,0.20401846040396643,0.03472425967610518,0.13098511021848902,PARABOLIC,0.05667340383690192,0.020882977556752096,0.025587866762201615,0.0023616158443890414,0.03154237092944436,3,0.7608869009130723,0.455707816900494,0.04518360160846347,0.17652312911709817,True,True
5,0,971.2272590936416,140.61095070718517,29.930793788317228,2.9503288187386465,0.38557924296941626,0.13376213509346516,0.20401846040396643,0.03472425967610518,0.13098511021848902,OGIVE,0.05667340383690192,0.0194925398454204,0.018632026158577404,0.0023616158443890414,0.0314049687295353,3,0.7608869009130723,0.3635502148982568,0.05062280563476756,0.2104344064913512,True,True
5,1,947.4187106156356,149.71200146531783,28.2032840642465,2.9934787090351227,0.35057078835306815,0.12821619182914992,0.20401846040396643,0.03472425967610518,0.13098511021848902,PARABOLIC,0.05728311859080968,0.01323375268749769,0.024477997283604135,0.0024118457305054453,0.030779782386085013,4,0.6768725725226744,0.44250753837315066,0.04518360160846347,0.17652312911709817,True,True
5,2,979.7582484229201,144.80738715462869,27.163722522468106,2.221513244073708,0.3921912792631543,0.1306670593001874,0.2,0.03721617876074507,0.141816971391705,PARABOLIC,0.054702838565047714,0.020882977556752096,0.016826527252587962,0.002240163507755458,0.030878198549193648,3,0.6768725725226744,0.48560055104107097,0.04518360160846347,0.17652312911709817,True,True
5,3,981.3344402116011,144.2299125417562,27.06907600360225,2.2375293547655914,0.3730687367697235,0.13065459809953237,0.20401846040396643,0.03721617876074507,0.141816971391705,PARABOLIC,0.05715904285511458,0.020882977556752096,0.016826527252587962,0.0020367752666504047,0.030878198549193648,3,0.6768725725226744,0.45570781690049406,0.04518360160846347,0.17652312911709817,True,True
5,4,982.578752231524,136.75278458192355,25.422125218958048,2.3365762458083528,0.36128960981925706,0.13641145313424383,0.21082994725193177,0.03519117763954054,0.1252356718107564,PARABOLIC,0.056904627811485135,0.04132305529376734,0.056904627811485135,0.0023533205492008245,0.02696315153896865,3,0.6768725725226745,0.30057487455758525,0.05390392741291321,0.17652312911709817,True,True
5,5,955.2479619124673,151.6725561564573,28.597092626770827,2.201484957373929,0.38180518084702203,0.12709643144145624,0.20401846040396643,0.03755419026727438,0.12837977586537702,OGIVE,0.05728311859080968,0.01323375268749769,0.017522156679979924,0.0024118457305054453,0.031522976371053356,3,0.6683132166993679,0.5198091972172417,0.042698096567895506,0.17652312911709817,True,True
5,6,978.5545621129946,135.2446981264528,25.200660970161685,2.2904604498791676,0.3484478985773533,0.13608580259503858,0.2097619773978871,0.03519117763954054,0.12263033745764439,PARABOLIC,0.05690462781148514,0.04132305529376734,0.01790428871868741,0.0023533205492008245,0.027475334039670105,3,0.6768725725226744,0.4671894660763391,0.05390392741291321,0.17652312911709817,True,True
5,7,949.0762403557192,147.13796488367288,25.923892534519062,3.3735173941480743,0.348918017626494,0.1300987430753428,0.2050864302580111,0.03462589790110111,0.13098511021848902,PARABOLIC,0.05690462781148514,0.056904627811485135,0.05582686634538569,0.0023533205492008245,0.03508279228018305,3,0.7675890126475481,0.4585524862280683,0.04518360160846347,0.16192232790918928,True,True
5,8,987.7746024931903,143.36862184928336,24.71581413146402,1.8830099904796083,0.3674507832400307,0.13126290609158797,0.20401846040396643,0.03896512744155924,0.13869166269100747,PARABOLIC,0.05715904285511458,0.020882977556752096,0.016144290865367596,0.0020367752666504047,0.028617002226024528,3,0.6768725725226744,0.5871019943276292,0.04518360160846347,0.15723902745747376,True,True
5,9,937.7762082305813,154.98183202559412,29.06482563478263,2.438583587079081,0.39825278752063326,0.12505069351357104,0.20401846040396643,0.03714147416349749,0.13949700965945985,CONICAL,0.056780552075790025,0.05097065677151595,0.01907734213998594,0.001623920772980944,0.03130534279047498,3,0.607063090087545,0.41746772314571967,0.04518360160846347,0.17445109424378297,True,True
5,10,956.975829978543,132.8056260967499,23.272855157957895,2.623938248746683,0.33236756930860467,0.13610761354288803,0.20401846040396643,0.03721617876074507,0.16861888572462108,PARABOLIC,0.05715904285511458,0.04093813758900167,0.016826527252587962,0.0020367752666504047,0.034262048847643084,3,0.7348575133532019,0.455707816900494,0.04518360160846347,0.16179243510454722,True,True
5,11,939.4658227994729,152.78411872012845,28.7549164339953,2.776753313629952,0.3679847236528478,0.1279034052339158,0.20401846040396643,0.03462589790110111,0.1339790788865456,PARABOLIC,0.056904627811485135,0.029455334782081607,0.016826527252587962,0.0023533205492008245,0.03133052829755767,3,0.7096040718170206,0.455707816900494,0.04518360160846347,0.17665302192174023,True,True
5,12,967.9232890176188,148.27627390337983,24.942246415038568,2.232887726222571,0.3481251381953856,0.12744407077200248,0.20401846040396643,0.03889042284431166,0.1343062056940962,CONICAL,0.056829279483196764,0.04222037467604195,0.019090735180157536,0.0024095195984408626,0.031038743997942382,3,0.6768725725226744,0.5557359324443065,0.04518360160846347,0.15067835850439393,True,True
5,13,917.2191353277742,154.5397639453631,27.92235933064048,3.7520874196541585,0.3647866312194376,0.12524146897780397,0.20401846040396643,0.03462589790110111,0.1310506628241437,CONICAL,0.05723439118340295,0.05723439118340295,0.016826527252587962,0.0017867058729596334,0.03455383314725837,4,0.7675890126475481,0.4488337850290424,0.04518360160846347,0.1659777694846661,True,True
5,14,929.0937110587325,142.73700710652076,27.553693979935698,5.344117777966926,0.4425127392116958,0.12803537248420985,0.490409813857888,0.03721617876074507,0.14493299849592306,PARABOLIC,0.05715904285511458,0.0269636436524618,0.05715904285511458,0.0020367752666504047,0.030878198549193648,3,0.6768725725226744,0.455707816900494,0.019351131536182148,0.18188863452190507,True,True
5,15,935.2761528062521,159.7152695508332,27.136477297242774,1.1679136529669496,0.41204310436935415,0.12229047684179072,0.2,0.037380147600388075,0.11709925998404495,PARABOLIC,0.08000000000000002,0.04145175575806614,0.03415695040377267,0.002803268202118475,0.029438189953806735,3,0.4441979369060601,0.28343562524872906,0.03634295146623084,0.15170978870856125,True,True
5,16,964.663576498499,130.25854781958063,24.165528051158628,1.5271353858630086,0.3839075725311099,0.1381692182310441,0.21082994725193177,0.04,0.12263033745764439,PARABOLIC,0.056904627811485135,0.04781960006397038,0.034699735610793495,0.0023539963626191996,0.026901809727341866,3,0.5454123063860897,0.42258128949049234,0.050079303581216,0.17652312911709817,True,True
5,17,949.223075050186,150.13666283964625,25.718368816537218,2.8743550015883135,0.3305707143924895,0.1292945843419454,0.2,0.03584310062914723,0.12722737444506962,PARABOLIC,0.05135408090188835,0.01,0.04729652472811377,0.0023183436711488657,0.031820136545697826,3,0.7939725028346932,0.455707816900494,0.04900822544016069,0.15562850419682828,True,True
5,18,945.7835116756148,135.05499363616494,22.41636405940772,3.3813203907764096,0.31762586924082015,0.13650612206898824,0.23224490684283777,0.03633031602000962,0.1654355963199821,PARABOLIC,0.05135408090188835,0.020882977556752096,0.02509163252742213,0.002319019484567241,0.030878198549193648,3,0.7939725028346932,0.455707816900494,0.04717499720203321,0.15,True,True
5,19,944.7044025989653,148.47860724461685,34.22691979615897,2.126257550804487,0.4581429802282987,0.1298648602351639,0.20830861205855494,0.036380880871095575,0.13529785060484767,PARABOLIC,0.05680283964524933,0.019030936184567148,0.016826527252587962,0.0017106082714878493,0.026550271377739226,3,0.6768725725226744,0.4410363519286081,0.04518360160846347,0.23096806777132448,True,True
5,20,960.7616274093075,147.9007357627657,24.843278771666096,2.6327266497198876,0.35905592520514756,0.1269324474654314,0.20401846040396643,0.03811966439005672,0.13205896057240368,CONICAL,0.05696099039804325,0.05097065677151595,0.018395105752765574,0.001984388832777083,0.03720825368557374,3,0.607063090087545,0.5488619005728549,0.04518360160846347,0.15,True,True
5,21,983.4598076891293,145.03023222965902,27.07610651453605,1.311171709144859,0.3680573062445141,0.13281073468540655,0.2,0.035291028305661866,0.10846897173202029,PARABOLIC,0.056904627811485135,0.04132305529376734,0.056904627811485135,0.002803715599407455,0.02063952590006217,3,0.6768725725226744,0.4700341354039134,0.05390392741291321,0.17652312911709817,True,True
6,0,921.6260127726546,157.67182586041406,30.964135227930498,2.42500671726966,0.3888066965916631,0.12586271891152653,0.20236421832636045,0.033710009523690875,0.13869166269100747,PARABOLIC,0.05703031648871852,0.020882977556752096,0.05703031648871852,0.0020367752666504047,0.028617002226024528,3,0.6768725725226744,0.623969610806135,0.04518360160846347,0.18599215634971067,True,True
6,1,952.5104652601964,132.65839167891735,22.036461200533036,0.8848581786872444,0.34555937291946603,0.13708279270208487,0.201654242077606,0.04,0.10846897173202029,PARABOLIC,0.05703335417788119,0.04132305529376734,0.005117631337482966,0.002803715599407455,0.02063952590006217,3,0.6768725725226744,0.43316651892540764,0.05390392741291321,0.15,True,True
6,2,906.506237298157,119.3263320901821,22.64952760145386,2.811429455301691,0.3628954684160714,0.1433540955020986,0.2,0.03956856748244363,0.12480793006189479,PARABOLIC,0.05680568636989366,0.03761393743213088,0.0566816121572702,0.0023533205492008245,0.03930068980937334,3,0.7613563740856067,0.30057487455758525,0.05390392741291321,0.18405301148558695,True,True
6,3,940.9027899621162,154.8717426373202,29.16117038053785,2.531169858799193,0.37324786860605413,0.1270379698240885,0.20401846040396643,0.034771298764423024,0.13141285196735064,PARABOLIC,0.05738206003240115,0.01323375268749769,0.02470101293781907,0.0024118457305054453,0.025100784983626875,4,0.6768725725226745,0.44250753837315066,0.04518360160846347,0.17652312911709817,True,True
6,4,953.6709632071792,154.109661578528,26.78777608866751,1.9194142069727287,0.3749618085234358,0.12502523604028665,0.2,0.03896512744155924,0.13869166269100747,CONICAL,0.05715904285511458,0.020882977556752096,0.016144290865367596,0.0020367752666504047,0.028617002226024528,3,0.6768725725226744,0.5871019943276292,0.04518360160846347,0.15723902745747376,True,True
6,5,994.9874624192161,138.78952821051095,25.89801251020022,2.0502321732933484,0.36529976173388135,0.13446140802374792,0.20234077581450766,0.03634711520675678,0.11393552131098764,PARABOLIC,0.04563439851639206,0.04132305529376734,0.04563439851639206,0.0023533205492008245,0.02784374772384605,3,0.5455611509714751,0.5986313003771175,0.05344749650572771,0.17652312911709817,True,True
6,6,969.307655828078,133.46019635578116,22.89947805149707,2.040102371580551,0.32160244793879056,0.13651834317377445,0.21250763184139054,0.03896512744155924,0.11864165308902681,PARABOLIC,0.05715904285511458,0.020882977556752096,0.009320567161471498,0.0020367752666504047,0.028617002226024528,3,0.6768725725226744,0.4389436739365363,0.05290332620954134,0.15723902745747376,True,True
6,7,943.5397206045615,128.71132155241006,21.907405145972408,2.351003391404912,0.3348553840202597,0.13711752296118113,0.2110205788493437,0.03889042284431166,0.11784277500104468,CONICAL,0.056932983013554636,0.04222037467604195,0.024988350134543445,0.00234272991035738,0.030749535516570375,3,0.6768725725226744,0.5581582939721774,0.05630521690738682,0.15487697562629632,True,True
6,8,869.8428606705643,164.10297350307408,38.710434672819936,2.4094870135658764,0.476633095087726,0.12256625453423244,0.2,0.03519117763954054,0.1390937681506959,CONICAL,0.05680092428112725,0.037435440299916474,0.04952784141842406,0.001990197356770397,0.02813295620521806,3,0.6768725725226744,0.561867085356028,0.04278231211398986,0.23284267160436486,True,True
6,9,957.7351143520322,152.10214229173488,28.63035872814373,1.9094518123210722,0.38259489543558883,0.12794046276760795,0.20150984809000244,0.034851545539079674,0.13200489003677257,PARABOLIC,0.05706573048287615,0.04781960006397038,0.012852591706472372,0.0023539963626191996,0.025783334382755617,3,0.6500771046660848,0.43877945077832653,0.04541917531943341,0.17652312911709817,True,True
6,10,984.0707084024282,137.85165893110573,25.688746731385866,2.442210411632707,0.3672027799425218,0.13479999284569283,0.21333855956589576,0.03721617876074507,0.13244241881257682,PARABOLIC,0.05699794018372356,0.020882977556752096,0.03867367115690909,0.0020367752666504047,0.031996673893779894,3,0.5722077742426792,0.4395096556126598,0.04984372987024606,0.17652312911709817,True,True
6,11,910.3433306759619,165.65876016310168,28.420977844684042,2.187591587074472,0.3864220413508161,0.12060068927871569,0.20401846040396643,0.03721617876074507,0.13764516968724613,PARABOLIC,0.05715904285511458,0.01606226130847815,0.016826527252587962,0.0020367752666504047,0.030878198549193648,3,0.6768725725226744,0.3602910849000902,0.03685812111557092,0.15358186244478408,True,True
6,12,997.0357568674166,139.10877519886,26.428213181616805,1.8206241235659388,0.4027724957824415,0.13273437397466084,0.20401846040396643,0.03896512744155924,0.14286346439546632,PARABOLIC,0.05715904285511458,0.020882977556752096,0.016144290865367596,0.0020367752666504047,0.028617002226024528,3,0.6768725725226744,0.5871019943276292,0.04518360160846347,0.18018029412978784,True,True
6,13,924.6485471258432,155.8752875129563,29.396338555558813,3.1321908844504307,0.38004345602251455,0.12613674812169662,0.20401846040396643,0.03633031602000962,0.1654355963199821,CONICAL,0.05135408090188835,0.020882977556752096,0.02466131758127148,0.002057128091475594,0.030878198549193648,3,0.8774114948925754,0.455707816900494,0.04518360160846347,0.17652312911709817,True,True
6,14,982.9678938108686,143.9242920340266,26.98555793679606,2.2060002772847436,0.3712677851982905,0.13100726885719272,0.20401846040396643,0.03721617876074507,0.141816971391705,PARABOLIC,0.05715904285511458,0.020882977556752096,0.01725684219873861,0.0021817037090934837,0.030878198549193648,3,0.6768725725226744,0.45570781690049406,0.04518360160846347,0.17652312911709817,True,True
6,15,983.4992293418959,144.8590652736543,27.971384050824934,2.0260444395063795,0.3806666569867721,0.13072807216558338,0.20417317894501918,0.03727842065833341,0.14188410224023493,PARABOLIC,0.05768907248073744,0.020882977556752096,0.016144290865367596,0.0020367752666504047,0.02884881217651796,3,0.6768725725226744,0.5871019943276292,0.04518360160846347,0.18364021286294152,True,True
6,16,985.5020139053296,142.69048196816306,23.836281480696606,2.049082862018592,0.34414199122222827,0.13123108280780627,0.2,0.0389028855439709,0.13862453184247753,PARABOLIC,0.054172808939424846,0.020882977556752096,0.016826527252587962,0.002240163507755458,0.030646388598700215,3,0.6768725725226744,0.48560055104107097,0.04518360160846347,0.1501219437116304,True,True
6,17,933.8963657091725,156.9766020194798,28.56634348025647,2.40515381389283,0.3767090467531256,0.12537457108429795,0.20401846040396643,0.03529349065879512,0.1266238326759212,PARABOLIC,0.055137498267761084,0.04982419909607195,0.02212772073974865,0.001623920772980944,0.029044146467305854,3,0.607063090087545,0.2933228779127111,0.04466103516518753,0.16784868844672168,True,True
6,18,969.3936676387837,132.6029357634583,23.42469835083056,1.9146004983660612,0.36542311317892434,0.13645633156843928,0.21082994725193177,0.038788109825057086,0.13498354009359756,CONICAL,0.056904627811485135,0.04132305529376734,0.05317201282450206,0.0023533205492008245,0.02696315153896865,3,0.6768725725226745,0.556113897217729,0.05442649385618915,0.16384143325453504,True,True
6,19,988.658454963815,139.63376517997136,26.118684613412654,2.505152806634862,0.36931094994847713,0.13272193941290286,0.20401846040396643,0.03942559856846201,0.1345067969920017,PARABOLIC,0.05135408090188835,0.02445974462818683,0.03655719873455238,0.002319019484567241,0.030878198549193648,3,0.8789256719082766,0.4506035150721802,0.04518360160846347,0.17652312911709817,True,True
6,20,956.982374473128,128.3705596189581,23.79322319470871,1.8935694934695415,0.3618634690812351,0.13941476626491064,0.201956801728868,0.03690471745154761,0.1556196829426793,PARABOLIC,0.056904627811485135,0.043944847345065714,0.02323416940366324,0.0023539963626191996,0.030481060709531296,3,0.46045913731250626,0.427685591318806,0.050079303581216,0.17652312911709817,True,True
6,21,911.62628532782,164.14454979111824,27.575995228537778,2.456027619270191,0.3876008494462769,0.12227886903286801,0.20401846040396643,0.035447921345688985,0.13916033285587728,CONICAL,0.056780552075790025,0.056780552075790025,0.018395105752765574,0.001623920772980944,0.029044146467305854,3,0.5972446650168092,0.5488619005728549,0.04518360160846347,0.15,True,True
6,22,971.6790697167631,141.60800372484354,24.81161884790861,3.1128575886839043,0.346511293968304,0.13368647119471,0.2050864302580111,0.03462589790110111,0.1573920984068258,PARABOLIC,0.06065983970717255,0.06065983970717255,0.05582686634538569,0.0023533205492008245,0.03264949929977904,3,0.7675890126475481,0.4585524862280683,0.04518360160846347,0.16192232790918928,True,True
7,0,984.0152827777551,140.8424098323218,24.22531434130899,2.504541185616016,0.3133908932773348,0.1334628234767165,0.20401846040396643,0.034150482300811295,0.18345796669810127,OGIVE,0.06639108775928687,0.03403937858217619,0.014060400047974824,0.0020367752666504047,0.031055168869692357,3,0.6768725725226744,0.5871019943276292,0.04518360160846347,0.15723902745747376,True,True
7,1,985.4816185173904,138.20841470624742,25.859929366108226,2.4300609367122017,0.3925824130337308,0.13300846039055828,0.20401846040396643,0.03942559856846201,0.1345067969920017,PARABOLIC,0.061945693919357586,0.012222020758314814,0.04132389554222823,0.002319019484567241,0.0332132106586009,3,0.8789256719082766,0.4506035150721802,0.04518360160846347,0.17652312911709817,True,True
7,2,911.4241289760766,160.3468489504946,30.304045084107084,2.6283912514758376,0.3711188338965238,0.12481911535668351,0.20517676032533638,0.03323799265946596,0.1345067969920017,PARABOLIC,0.05267696064719117,0.02010466781057684,0.03362479559704799,0.002319019484567241,0.028302808955823176,3,0.6546153902137655,0.5235955943488366,0.04518360160846347,0.17652312911709817,True,True
7,3,975.4175220418732,136.79222353636706,22.805149039503036,2.2621467410806733,0.35938298354400605,0.13373262551341955,0.20967164733056184,0.04,0.1252356718107564,PARABOLIC,0.05558174806618232,0.05131971949134552,0.05558174806618232,0.002103974042563874,0.029538541132339117,3,0.9011828542171857,0.22758279528092887,0.046217620331303284,0.15,True,True
7,4,937.9929251720275,147.53460638739824,32.02188748154974,3.0579839006002056,0.40009660772469047,0.1297444822410993,0.22267033872697045,0.037153534143502,0.11031129945130959,PARABOLIC,0.054172808939424846,0.020882977556752096,0.01811559783040062,0.002240163507755458,0.034470872989994114,3,0.6768725725226743,0.40094907092813464,0.04518360160846347,0.2139165358784335,True,True
7,5,989.134436644476,141.67352970152967,23.66506819196015,1.8054044227210866,0.35253113096697747,0.1313721607299722,0.20401846040396643,0.03896512744155924,0.14040389672257744,PARABOLIC,0.05715904285511458,0.020882977556752096,0.01665425914110934,0.0020367752666504047,0.029076696359914077,3,0.6482519778299818,0.5871019943276292,0.04518360160846347,0.15,True,True
7,6,970.148933204023,133.37110539319966,22.98286678157071,1.9243769202799614,0.3419203643195831,0.13637957757119457,0.21250763184139054,0.03896512744155924,0.11864165308902681,PARABOLIC,0.057159042855114583,0.020882977556752096,0.009320567161471498,0.0020367752666504047,0.027572720349442435,3,0.6768725725226744,0.4389436739365363,0.05290332620954134,0.15810843125428065,True,True
7,7,977.3738537775565,144.58468503907622,27.01282492086113,2.3774193279515816,0.36142081140735444,0.13078999385028367,0.20401846040396643,0.03721617876074507,0.141816971391705,PARABOLIC,0.057159042855114583,0.020882977556752096,0.016826527252587962,0.0020367752666504047,0.03192248042577574,3,0.6768725725226744,0.45570781690049406,0.04518360160846347,0.17565372532029128,True,True
7,8,934.6880402031263,157.0735967655057,29.789280645305933,2.105025817874483,0.38583438522140995,0.12395985761475353,0.20401846040396643,0.03721617876074507,0.13940267557291555,CONICAL,0.05709517285682642,0.020882977556752096,0.018006487059208275,0.0018072654278720448,0.030185092173233695,3,0.5724080703102309,0.5793026796960559,0.04518360160846347,0.17652312911709817,True,True
7,9,870.6101374603885,172.57687900766686,29.181619821635373,2.8873659190641465,0.365405684180946,0.11808133348323491,0.20401846040396643,0.03378257685514716,0.14781198802551196,PARABOLIC,0.05684442207407818,0.056780552075790025,0.01721514594614526,0.001846640861803119,0.031552658813143265,3,0.7017091672292527,0.4252670377772931,0.03514163626183856,0.15,True,True
7,10,953.5749727885043,150.81217339792164,28.342826180179095,2.4772338057123755,0.3603654083084816,0.12876667128455624,0.21928545338699207,0.03494902823155426,0.11393552131098764,PARABOLIC,0.04816725800722472,0.04132305529376734,0.043607538004250365,0.0023533205492008245,0.028080185142583355,3,0.5667369506119361,0.3009596218080418,0.04782730948433452,0.17652312911709817,True,True
7,11,971.5265574844328,132.47436709153146,24.573087814919557,2.101975078288903,0.3589552814021541,0.13825653517114883,0.21208233815307298,0.03658926461474306,0.1252356718107564,PARABOLIC,0.056904627811485135,0.04132305529376734,0.056904627811485135,0.0023533205492008245,0.02672671412023135,3,0.6768725725226745,0.598246553126661,0.054092679168942254,0.17652312911709817,True,True
7,12,908.4181696438018,121.79147834414033,22.464595744037055,3.0832976735979614,0.350155826324509,0.14280788829953023,0.23636885012762676,0.03721617876074507,0.15383494160502628,PARABOLIC,0.05699287849410248,0.013662337745327876,0.015664514559738406,0.002913914872146308,0.03917400357341172,3,0.5722077742426792,0.4395096556126598,0.04984372987024606,0.17652312911709817,True,True
7,13,985.939888212931,135.72579972739382,25.333149289556943,1.9516038438419536,0.37145013426664275,0.13435321696032426,0.20401846040396643,0.04,0.13605073161482584,PARABOLIC,0.06148894968118865,0.020882977556752096,0.040265998795909294,0.0022775458746336083,0.03258940594080879,3,0.6263175330534181,0.45570781690049406,0.04518360160846347,0.17652312911709817,True,True
7,14,984.6692629934018,142.091117051593,26.57873391442312,2.6715335817967865,0.39445122653931297,0.1320493880066832,0.2079146639069248,0.03942559856846201,0.1345067969920017,PARABOLIC,0.05135408090188835,0.023643564174910373,0.03655719873455238,0.0019198871843404187,0.030878198549193648,3,0.8789256719082766,0.4506035150721802,0.04518360160846347,0.17652312911709817,True,True
7,15,980.5476275867492,137.92303151334988,25.746907562409405,0.8740311524721989,0.41286588784041056,0.13398256892239477,0.20944235606293737,0.04,0.13244241881257682,PARABOLIC,0.06481214236205271,0.030811287159735083,0.03867367115690909,0.0024359075668772268,0.021728239962464386,3,0.6211626685387166,0.5085623326128071,0.04600799440623013,0.17652312911709817,True,True
7,16,997.2710626720287,140.57318822525872,25.56704070265051,2.0405975301658974,0.3644792787272779,0.1323931735716879,0.20401846040396643,0.03896512744155924,0.13869166269100747,PARABOLIC,0.05715904285511458,0.020882977556752096,0.016144290865367596,0.0021365604053325987,0.0299643283847925,3,0.6768725725226744,0.6577611060858861,0.045431786967320816,0.1697400075924068,True,True
7,17,951.4433026322954,156.3128327499725,27.87491420565017,1.8192273572067943,0.3690488091815728,0.12665007275331605,0.20150984809000244,0.034851545539079674,0.13200489003677257,PARABOLIC,0.05706573048287615,0.04781960006397038,0.012852591706472372,0.0022542112239370055,0.02443600822398765,3,0.6500771046660848,0.36812033902006963,0.045170989960576065,0.16402214898216513,True,True
7,18,956.4988913539532,149.91454830191975,27.264402116915033,2.5467854255082996,0.3735452590781919,0.12838734775763097,0.20401846040396643,0.035701351431761695,0.1146277353455364,PARABOLIC,0.05667340383690192,0.02752547687707846,0.013932719843646415,0.002455179399652201,0.032438156293822726,3,0.6487711732644761,0.44776232782421654,0.04712806302225277,0.16848826383019316,True,True
7,19,955.7112123429316,128.81956119202312,26.04124381091133,2.378462949966016,0.3829897278453884,0.1393144182526519,0.21250763184139054,0.03798803568590273,0.13714422455668276,OGIVE,0.05715904285511458,0.020882977556752096,0.016850182637537816,0.0019432117113872451,0.028617002226024528,3,0.7889883001712708,0.4389436739365363,0.05253630583897919,0.1991851701186318,True,True
7,20,967.5388267619978,147.99629049996707,27.82669168152377,2.309506764676637,0.3648906006296042,0.12903578885151254,0.20401846040396643,0.03721617876074507,0.141816971391705,PARABOLIC,0.05715904285511458,0.0208829775567521,0.022989369231400693,0.0020367752666504047,0.030878198549193648,3,0.6768725725226744,0.45570781690049406,0.04356479236044364,0.17652312911709817,True,True
7,21,974.449275366529,135.12688188028213,25.12270908183501,2.4763726664210917,0.35350964767390003,0.13641880209371265,0.21333855956589576,0.03721617876074507,0.13244241881257682,PARABOLIC,0.05699794018372356,0.0208829775567521,0.03251082917809636,0.0020367752666504047,0.031996673893779894,3,0.5722077742426792,0.4395096556126598,0.051462539118265885,0.17652312911709817,True,True
8,0,994.5536690157099,141.64827927676717,26.56154516041623,1.9669021297607785,0.3859057494895367,0.1314341395305695,0.2079146639069248,0.03942559856846201,0.1345067969920017,PARABOLIC,0.05135408090188835,0.020465526276425543,0.03655719873455238,0.0018806659754431684,0.028406154808520948,3,0.713854179427598,0.4506035150721802,0.04518360160846347,0.17652312911709817,True,True
8,1,983.3475716585867,140.7203203579167,23.478397648096394,2.4084218851393806,0.34325463567940295,0.13207665256751255,0.20401846040396643,0.03896512744155924,0.14040389672257744,PARABOLIC,0.05715904285511458,0.024061015455236926,0.01665425914110934,0.002075996475547655,0.031548740100586774,3,0.8133234703106604,0.5871019943276292,0.04518360160846347,0.15,True,True
8,2,963.9499988927201,150.97687387024797,27.707556206538996,1.9870662332132831,0.3663539124317197,0.12642885355905056,0.20401846040396643,0.03896512744155924,0.13869166269100747,CONICAL,0.05715904285511458,0.020882977556752096,0.016144290865367596,0.002183328380922037,0.02901698047269925,3,0.6768725725226744,0.6251023659484416,0.045431786967320816,0.1697400075924068,True,True
8,3,988.4325581890134,141.9493909716497,23.716239322143913,1.7924609255559856,0.3675942879546513,0.13126499461095678,0.20401846040396643,0.03896512744155924,0.14040389672257744,PARABOLIC,0.05715904285511458,0.020882977556752096,0.01665425914110934,0.0019900072910609664,0.029076696359914077,3,0.6482519778299818,0.6197607344650737,0.04518360160846347,0.15,True,True
8,4,993.5237486351771,139.2767739287885,23.983422104403132,1.86228643563874,0.3715083489111964,0.1330162887976418,0.20401846040396643,0.03896512744155924,0.14689569149095186,OGIVE,0.05715904285511458,0.02723076699090031,0.016144290865367596,0.0020367752666504047,0.028617002226024528,3,0.6768725725226745,0.5871019943276292,0.04518360160846347,0.15723902745747376,True,True
8,5,979.3933662732961,143.42096768138862,24.720278134278384,2.41154365296684,0.33225955830288484,0.13188714503545196,0.20401846040396643,0.034150482300811295,0.17525393789815688,PARABOLIC,0.06639108775928687,0.02769158914802798,0.014060400047974824,0.0020367752666504047,0.031055168869692357,3,0.6768725725226745,0.5871019943276292,0.04518360160846347,0.15723902745747376,True,True
8,6,986.3606505392514,142.72522332588565,23.83414595473537,1.982779452734721,0.3491186930405561,0.13115030594485647,0.2,0.0389028855439709,0.13862453184247753,PARABOLIC,0.05355770768793987,0.020882977556752096,0.016826527252587962,0.002240163507755458,0.03044280104024049,3,0.6768725725226744,0.49558389632557437,0.04518360160846347,0.15,True,True
8,7,939.4022019711269,153.5647723737782,29.697696089200814,2.4632032068245953,0.3910316491448509,0.12547389218452867,0.20401846040396643,0.03721617876074507,0.141816971391705,CONICAL,0.05777414410659956,0.02319485531595945,0.016826527252587962,0.0020367752666504047,0.03212606798423546,3,0.6820865211439067,0.4536212472828971,0.04518360160846347,0.18172092264040407,True,True
8,8,961.2301930429933,133.066623852113,22.14408900360937,2.2281661081685695,0.35543734952695855,0.13581065790415103,0.20967164733056184,0.04,0.14376338893844634,PARABOLIC,0.05558174806618232,0.05131971949134552,0.05558174806618232,0.0020619763384796467,0.029081190613376825,3,0.9011828542171857,0.22758279528092887,0.045533686401231066,0.15,True,True
8,9,977.0527985458083,146.34834030618825,24.479043761920646,1.9613553602573055,0.3548835821205316,0.12931303624418142,0.20401846040396643,0.03896512744155924,0.1218761795948875,PARABOLIC,0.05715904285511458,0.020882977556752096,0.01665425914110934,0.002078772970734632,0.02953404687887637,3,0.6482519778299818,0.5871019943276292,0.04586753553853569,0.15,True,True
8,10,996.2925726342536,140.11351763546747,24.17522036255247,1.9596352172305083,0.35875628726983433,0.13209738334673135,0.21737272280295128,0.03896512744155925,0.13869166269100747,PARABOLIC,0.03951049510006449,0.020882977556752096,0.016144290865367596,0.002489521788569451,0.028617002226024528,3,0.5659248273450448,0.5055156166201475,0.045183601608463464,0.15723902745747376,True,True
8,11,986.1297127680023,141.69618929468686,23.646153163134365,2.142775635186514,0.34461673302118945,0.13156757487987272,0.20401846040396643,0.03894095714648643,0.13869166269100747,OGIVE,0.05715904285511458,0.020882977556752096,0.016144290865367596,0.0020367752666504047,0.031577222440089495,3,0.6763921351692693,0.5871019943276292,0.045183601608463464,0.15,True,True
8,12,972.9014693972341,140.33356394048894,27.167690203535955,3.298389472610012,0.3637126707167974,0.132678718087199,0.20401846040396643,0.034150482300811295,0.1659884647399438,OGIVE,0.05125055939517613,0.031033253728141027,0.014565506324186833,0.0020367752666504042,0.031135549271997347,4,0.6768725725226744,0.5871019943276292,0.04518360160846347,0.1847632726298406,True,True
8,13,874.7880400555457,164.93309237826193,35.82070230939302,2.6042879592666672,0.4190734089945601,0.12380345678323822,0.20401846040396643,0.03354320842486835,0.1549550558257885,CONICAL,0.06539998838866273,0.02054078904141909,0.01563918458915559,0.0020367752666504042,0.028536621823719535,3,0.6768725725226744,0.6781910816521126,0.04518360160846347,0.2113337982653926,True,True
8,14,986.5426224500357,139.031488509739,26.07126308187521,2.512082767398316,0.38191065971198984,0.13208941540322666,0.2088250293701975,0.03942559856846201,0.1345067969920017,PARABOLIC,0.05135408090188835,0.023643564174910373,0.03655719873455238,0.001905047400381376,0.03087819854919365,3,0.8789256719082766,0.4506035150721802,0.045183601608463464,0.17652312911709817,True,True
8,15,961.3562076900113,135.11659849983837,25.195456127886796,3.129362112756942,0.3489158975267764,0.13485421160351466,0.2031080949406938,0.03942559856846201,0.1345067969920017,PARABOLIC,0.05135408090188835,0.02445974462818683,0.03655719873455238,0.0023338592685262834,0.032275545544594116,4,0.8789256719082766,0.5413861370203022,0.045183601608463464,0.17652312911709817,True,True
8,16,970.2468672589565,138.10992129924713,23.039291578856158,2.7838431305830307,0.3239083866295299,0.13299009095839515,0.20401846040396643,0.03896512744155924,0.13869166269100747,OGIVE,0.05715904285511458,0.020882977556752096,0.016144290865367596,0.0019734042830392975,0.0299643283847925,4,0.8415073970830321,0.6577611060858861,0.045431786967320816,0.15,True,True
8,17,991.6961094490571,142.29445937508092,24.81531829398776,1.8871152396725388,0.37409871641607295,0.13127720726478517,0.20401846040396643,0.03896512744155924,0.13869166269100747,PARABOLIC,0.057159042855114583,0.020882977556752096,0.016144290865367596,0.0020367752666504047,0.028617002226024528,3,0.6768725725226744,0.5871019943276292,0.045120241050790544,0.15956828328593464,True,True
8,18,997.64691758604,140.70608497366862,25.338233609340463,1.987620913116137,0.3653066307872871,0.1323738854320364,0.20401846040396643,0.03896512744155924,0.13869166269100747,PARABOLIC,0.057159042855114583,0.020882977556752096,0.016144290865367596,0.0021365604053325987,0.0299643283847925,3,0.6768725725226744,0.6577611060858861,0.04549514752499374,0.1674107517639459,True,True
8,19,964.6116486634053,136.93647448379215,23.457259403185407,2.9567552200712517,0.3134781494599935,0.13672298848485798,0.20401846040396643,0.03310345557606805,0.13869166269100747,OGIVE,0.05715904285511458,0.03522280984289677,0.015983732042291962,0.0020367752666504047,0.03005779792631432,3,0.6768725725226744,0.5871019943276292,0.05650482763776937,0.15723902745747376,True,True
8,20,928.4440436946385,123.00118622328381,21.062563449434553,1.6229046218218772,0.3582369655053099,0.14076217316552303,0.20401846040396643,0.04,0.18345796669810127,OGIVE,0.06639108775928687,0.01969954629603152,0.014220958871050458,0.0020367752666504047,0.031055168869692357,3,0.6768725725226744,0.5871019943276292,0.045183601608463464,0.15723902745747376,True,True
8,21,974.7686161873479,132.79213676953276,26.029305313533534,2.0771999057232566,0.3954045387189118,0.1358015113823773,0.20401846040396643,0.04,0.138775514347957,PARABOLIC,0.06187912470689881,0.020882977556752096,0.01665425914110934,0.0020668968947572157,0.029010251674325926,4,0.6562770260646678,0.5955580340364744,0.04518360160846347,0.1894939669341789,True,True
8,22,992.3187746452384,141.65608367306922,24.44760472460347,1.7667850429728003,0.382988690901593,0.13152991160204194,0.20401846040396643,0.03896512744155924,0.1403200450656279,PARABOLIC,0.05715904285511458,0.020882977556752096,0.016144290865367596,0.0020367752666504047,0.02868344691161268,3,0.6688475242879884,0.5871019943276292,0.04518360160846347,0.15723902745747376,True,True
9,0,988.3333001627843,142.97561748746742,26.78095109849046,2.0933190297355533,0.37794677322738846,0.13149708898722134,0.20570491449677447,0.03880031439253313,0.13980251624904533,PARABOLIC,0.05352103752149742,0.020465526276425543,0.02987218233457718,0.001903650158378026,0.028406154808520948,3,0.7280026240690239,0.4506035150721802,0.04518360160846347,0.17652312911709817,True,True
9,1,989.7173306838207,142.61188549769122,24.58071939966125,1.8431322263552552,0.363687727926394,0.13145092126080993,0.20622820981411677,0.03959041161748812,0.13502432580858426,PARABOLIC,0.054992086235505507,0.020882977556752096,0.022829307265342803,0.002013791083715547,0.02868344691161268,3,0.6546990796465625,0.5871019943276292,0.04518360160846347,0.15723902745747376,True,True
9,2,983.2220333595773,140.19920983883955,26.711454452929154,2.8043443718228573,0.37503617221592994,0.13186038821254767,0.20554260017566556,0.039157037968728034,0.1337561138576066,PARABOLIC,0.05715904285511458,0.012424724285154738,0.016144290865367596,0.0016900692117172143,0.0299643283847925,4,0.857455850792852,0.5996751574437611,0.045225571190191625,0.18052372534614852,True,True
9,3,950.8459517408978,151.68705393679693,25.51113846525331,2.5386890866151104,0.36913715786440404,0.12556134813325734,0.2,0.03923368804129322,0.13944234582540255,CONICAL,0.05135408090188835,0.029244346856538265,0.02956283722274536,0.001905047400381376,0.03087819854919365,3,0.8629772181984567,0.4506035150721802,0.045389817385592654,0.15,True,True
9,4,952.0968593773609,148.83462837395027,26.908988832934323,2.9440238528951346,0.37662337865369616,0.12713791430099325,0.20401846040396643,0.03896512744155924,0.14689569149095186,CONICAL,0.038064467127145514,0.02723076699090031,0.016144290865367596,0.0020367752666504047,0.028617002226024528,4,0.7620245468789031,0.5871019943276292,0.04518360160846347,0.16645052525006815,True,True
9,5,991.1431016702093,138.71398330428988,23.849852721748487,1.8575211291431748,0.37094335846037385,0.13356418931307731,0.21737272280295128,0.03896512744155925,0.13869166269100747,OGIVE,0.058605070828033554,0.020882977556752096,0.016144290865367596,0.002489521788569451,0.028617002226024528,3,0.5659248273450448,0.5055156166201475,0.045183601608463464,0.15723902745747376,True,True
9,6,979.9496485458276,142.23845147931198,26.668988341974185,2.6334771880355823,0.36806777082787856,0.13134156242462142,0.2088250293701975,0.03901071144895502,0.1345067969920017,PARABOLIC,0.05135408090188835,0.022252742949886203,0.03655719873455238,0.001905047400381376,0.03063891506152491,3,0.8789256719082766,0.6713636145364978,0.04505356471056349,0.17652312911709817,True,True
9,7,992.5738012345284,137.93190268008362,24.848974668857828,1.8679080856860646,0.37001246951519107,0.13313928289260687,0.20401846040396643,0.03938001456106623,0.13869166269100747,PARABOLIC,0.057159042855114583,0.022273798781776266,0.016144290865367596,0.0021365604053325987,0.03020361187246124,3,0.6768725725226744,0.4370010066215685,0.04562518442289372,0.1674107517639459,True,True
9,8,976.2658757489743,141.70895148715582,26.97823375666468,2.9043843228333808,0.3964157665528474,0.1315494769784723,0.20401846040396643,0.03653282540085731,0.14286346439546632,OGIVE,0.05715904285511458,0.023348228966953086,0.01859582160595877,0.0020367752666504047,0.028617002226024528,4,0.7829211911555567,0.5871019943276292,0.04518360160846347,0.18018029412978784,True,True
9,9,968.7458265033541,133.77654077418734,22.2995687569399,1.88478832546386,0.3427521137183659,0.13492617093561965,0.23702286782273718,0.03896512744155924,0.14286346439546632,PARABOLIC,0.06673711750239814,0.020882977556752096,0.016144290865367596,0.0020367752666504047,0.028617002226024528,3,0.5877292349994678,0.5871019943276292,0.04518360160846347,0.15,True,True
9,10,993.0499877892943,138.3626987580163,25.785089578663413,2.0771237963100786,0.358130496495515,0.13492073751926764,0.20331660649018946,0.03679925686712529,0.11393552131098764,PARABOLIC,0.052985487040324346,0.033576125342932986,0.04563439851639206,0.0023533205492008245,0.027439194864869988,3,0.6189442505216589,0.5986313003771175,0.05344749650572771,0.17652312911709817,True,True
9,11,972.2799145207908,138.28681621523324,25.88771016004983,3.1031709363227282,0.35985044202274497,0.13289316338614962,0.201708956657881,0.03897345690809351,0.1345067969920017,PARABOLIC,0.044002992377956074,0.03220667457902119,0.0427558650821117,0.002319019484567241,0.035762113695733365,3,0.899662748123742,0.6137357209890653,0.04518360160846347,0.17652312911709817,True,True
9,12,997.0357568674166,139.10877519886,26.428213181616805,1.8206241235659388,0.4027724957824415,0.13273437397466084,0.20401846040396643,0.03896512744155924,0.14286346439546632,PARABOLIC,0.05715904285511458,0.020882977556752096,0.016144290865367596,0.0020367752666504047,0.028617002226024528,3,0.6768725725226744,0.5871019943276292,0.04518360160846347,0.18018029412978784,True,True
9,13,976.6123192652283,134.37693208095652,25.42750435327446,2.245099999520616,0.372951831931617,0.13528283843551392,0.20401846040396643,0.03896512744155924,0.14286346439546632,PARABOLIC,0.057568925882958054,0.020882977556752096,0.016144290865367596,0.0020367752666504047,0.03338834149380444,3,0.6768725725226744,0.6281461547317236,0.04693806270868196,0.18018029412978784,True,True
9,14,928.9672528325938,125.35970339933947,21.64934995204899,2.478169687176538,0.3428406979938364,0.14059410160489885,0.24558364001372993,0.03907007118274892,0.13734433297869664,PARABOLIC,0.057367222294655976,0.0209876478995688,0.026475905361199262,0.0019409391756123346,0.028617002226024528,3,0.6768725725226744,0.5871019943276292,0.05134045123326128,0.15956828328593464,True,True
9,15,972.7860178783626,133.53222054104398,24.932086165249373,2.2841593796381803,0.3939030878196277,0.13492097671817854,0.2374798708744859,0.04,0.13585412670431252,PARABOLIC,0.05114590146234696,0.020822425773670872,0.024390454092412407,0.0019765020664812383,0.028406154808520948,3,0.713854179427598,0.4506035150721802,0.04508897038578963,0.17652312911709817,True,True
9,16,997.0357568674166,139.10877519886,26.428213181616805,1.8206241235659388,0.4027724957824415,0.13273437397466084,0.20401846040396643,0.03896512744155924,0.14286346439546632,PARABOLIC,0.05715904285511458,0.020882977556752096,0.016144290865367596,0.0020367752666504047,0.028617002226024528,3,0.6768725725226744,0.5871019943276292,0.04518360160846347,0.18018029412978784,True,True
9,17,997.0357568674166,139.10877519886,26.428213181616805,1.8206241235659388,0.4027724957824415,0.13273437397466084,0.20401846040396643,0.03896512744155924,0.14286346439546632,PARABOLIC,0.05715904285511458,0.020882977556752096,0.016144290865367596,0.0020367752666504047,0.028617002226024528,3,0.6768725725226744,0.5871019943276292,0.04518360160846347,0.18018029412978784,True,True
9,18,975.4297612792883,134.7744703805267,23.152431781087962,1.8150761999291223,0.3583979692286617,0.13550739126594816,0.20401846040396643,0.03896512744155924,0.148996580224336,OGIVE,0.05715904285511458,0.02723076699090031,0.016144290865367596,0.0020645893601182906,0.0286493766713323,3,0.6768725725226745,0.5871019943276292,0.04727147092385828,0.15723902745747376,True,True
9,19,993.6706322542525,138.3087873601408,28.030987381232563,2.0307963634216755,0.408930525832018,0.13361424999950497,0.20401846040396643,0.03896512744155924,0.13869166269100747,PARABOLIC,0.05715904285511458,0.028261351378421957,0.016144290865367596,0.0021087463118647128,0.029931953939484727,3,0.6768725725226744,0.6577611060858861,0.04518982229438413,0.19728123267046,True,True
9,20,908.9873008327772,164.56009247299667,27.7133702085809,2.5198839144230543,0.3728966814268686,0.12115127835001212,0.2088250293701975,0.03808159329559833,0.11431007206077694,OGIVE,0.053788733351922524,0.023643564174910373,0.03280183873515318,0.001905047400381376,0.02944684422555998,3,0.8129735533670908,0.612742036253131,0.03983868583590351,0.15,True,True
9,21,962.831148992391,133.01425470825924,23.021532085697032,2.3150404380721303,0.35058739411385403,0.1372349798193075,0.2,0.03896512744155924,0.13869166269100747,PARABOLIC,0.049427794996942,0.020882977556752096,0.02138695059816038,0.0018347921189556464,0.0300483565496582,3,0.7428246910638602,0.4249634731466785,0.05208289797263686,0.15956828328593464,True,True
9,22,981.1199315820061,145.74306302727024,27.346505469464944,1.7444516312783298,0.3799811855090646,0.1302676044848155,0.2,0.038850540895748686,0.13750774003089683,PARABOLIC,0.05135408090188835,0.020465526276425543,0.03900638154519255,0.0018059531980466454,0.027261554429445146,3,0.6606203635641552,0.5019650727216711,0.04518360160846347,0.17652312911709817,True,True
9,23,990.9954710713645,138.20654338958818,24.88939019688533,2.1320351613712814,0.37342491337133427,0.13306756520129606,0.20763287530664734,0.03954018511427257,0.1356907196521123,PARABOLIC,0.057159042855114583,0.020882977556752096,0.021384393640554545,0.0022112731827291215,0.0299643283847925,3,0.7301063883861172,0.6577611060858861,0.04549514752499374,0.1674107517639459,True,True
9,24,966.0942047112702,135.73424471115854,22.669642966485302,2.527756780113838,0.3397141839990186,0.13332274018639137,0.20401846040396643,0.03894095714648643,0.13869166269100747,PARABOLIC,0.054396240439723874,0.025477441437625897,0.016144290865367596,0.0020367752666504047,0.031577222440089495,4,0.6763921351692693,0.689161639051825,0.045183601608463464,0.15,True,True
10,0,956.5853429113395,153.2213370880578,27.79648452065421,1.6992121332705727,0.37566904743912205,0.12607974257876708,0.2,0.03896512744155924,0.10947107415409663,PARABOLIC,0.05499340336967963,0.019435090640455288,0.016144290865367596,0.0018552638119139122,0.028617002226024528,3,0.5877292349994678,0.5871019943276292,0.04518360160846347,0.16713820343075553,True,True
10,1,960.0099573522764,130.35023013387197,22.92653888070597,1.9258343085128615,0.36848216059223976,0.1371639930092084,0.24861116736739752,0.03896512744155924,0.14286346439546632,PARABOLIC,0.08148936739846444,0.020882977556752096,0.014382880249305072,0.0020367752666504047,0.028617002226024528,3,0.6768725725226744,0.5871019943276292,0.04518360160846347,0.1630420906990323,True,True
10,2,1000.3236636372261,141.4140332382236,26.811101664254547,1.8284191628001225,0.3711970193535017,0.13275004681570068,0.20401846040396643,0.03896512744155925,0.1397071878644539,PARABOLIC,0.06586837073454925,0.0208829775567521,0.016144290865367596,0.0020367752666504047,0.028617002226024528,3,0.7259655548988013,0.5871019943276292,0.04518360160846347,0.18018029412978784,True,True
10,3,994.1124252351225,140.94091840820602,24.3087865792557,1.9115319874331342,0.35718430305785903,0.131967721527828,0.21737272280295128,0.03896512744155925,0.14184793922201988,PARABOLIC,0.030801167220629814,0.0208829775567521,0.016144290865367596,0.002489521788569451,0.028617002226024528,3,0.5168318449689179,0.5055156166201475,0.045183601608463464,0.15723902745747376,True,True
10,4,991.8181995950864,141.05002754587616,23.82468046883875,1.8627696473963549,0.355500168953149,0.13170332928712516,0.207321641040953,0.03870122662223087,0.14286346439546632,PARABOLIC,0.05715904285511458,0.020882977556752096,0.017980425532044916,0.0020367752666504047,0.028617002226024528,3,0.6801649245887682,0.5871019943276292,0.04518360160846347,0.1524138607956123,True,True
10,5,998.4698416417525,140.4538108318199,27.188341920054672,1.7567068290244159,0.4127767642369539,0.1324955282501952,0.2029250291771302,0.03985431243681649,0.13502432580858426,PARABOLIC,0.054992086235505507,0.020882977556752096,0.02099317259866548,0.002013791083715547,0.02868344691161268,3,0.6514067275804688,0.5871019943276292,0.04518360160846347,0.18500546079164928,True,True
10,6,993.6134052003187,141.13042866962212,24.33962980116965,1.6173711993122444,0.3635852659704278,0.13176551794928268,0.21737272280295128,0.03896512744155925,0.15071253750298994,OGIVE,0.058605070828033554,0.01,0.016144290865367596,0.002489521788569451,0.028617002226024528,3,0.5659248273450448,0.5055156166201475,0.04228215055610505,0.15723902745747376,True,True
10,7,995.0436280023944,138.61285740679781,28.091187915267902,1.9666033254793194,0.4062757668436725,0.13356936605494624,0.20401846040396643,0.03896512744155924,0.13869166269100747,PARABOLIC,0.05715904285511458,0.02407172976632857,0.016144290865367596,0.0021502732743700218,0.029931953939484727,3,0.6768725725226744,0.6577611060858861,0.0453100162299126,0.19728123267046,True,True
10,8,997.759323935413,140.4267174668649,25.343895462741873,2.040148526218286,0.37713851031935164,0.1318273221007327,0.20401846040396643,0.03896512744155924,0.13869166269100747,PARABOLIC,0.05216277961697954,0.02070018681266692,0.016144290865367596,0.00209503344282729,0.0299643283847925,3,0.6768725725226744,0.6577611060858861,0.04537495358946528,0.1674107517639459,True,True
10,9,988.1042231960835,138.0536699609681,25.771233770996023,2.2735824356274597,0.38530850449055964,0.13371381435237875,0.2374798708744859,0.03940293201592399,0.1318337875993231,PARABOLIC,0.05101582001857379,0.021617367534042604,0.021660105965765057,0.001989141228681644,0.028406154808520948,3,0.6238059537569279,0.4506035150721802,0.04522080578683042,0.17652312911709817,True,True
10,10,911.9067177492099,155.05661151366627,29.69033005075863,3.594885740513107,0.3591549974319635,0.12675201297025757,0.20401846040396643,0.0327190403700488,0.1451680209284326,OGIVE,0.054299039286879146,0.022553287206581354,0.02132616973260612,0.0020241361044499987,0.028617002226024528,4,0.7829211911555567,0.5871019943276292,0.045051766207422676,0.18018029412978784,True,True
10,11,982.6401097540727,143.9769790234132,27.44052774467654,2.2137306282571196,0.3744623914056071,0.1305506134203564,0.20401846040396643,0.0375355756033726,0.1348938167472306,OGIVE,0.05715904285511458,0.025527717619734068,0.013058155923790156,0.0020367752666504047,0.03108666205383726,3,0.6768725725226744,0.5183901757849912,0.04518360160846348,0.18018029412978784,True,True
10,12,997.0357568674166,139.10877519886,26.428213181616805,1.8206241235659388,0.4027724957824415,0.13273437397466084,0.20401846040396643,0.03896512744155924,0.14286346439546632,PARABOLIC,0.05715904285511458,0.020882977556752096,0.016144290865367596,0.0020367752666504047,0.028617002226024528,3,0.6768725725226744,0.5871019943276292,0.04518360160846348,0.18018029412978784,True,True
10,13,994.665880697458,140.70275217767758,24.251953917664352,1.7966291529462415,0.36317592367492557,0.13208447311961438,0.20622820981411677,0.039901432574007537,0.13674214838350812,PARABOLIC,0.05466116178530833,0.020882977556752096,0.022829307265342803,0.002013791083715547,0.02868344691161268,3,0.6546990796465625,0.5871019943276292,0.04518360160846347,0.15723902745747376,True,True
10,14,995.8555296921274,141.25143951589382,26.846322123775767,1.8856239913551798,0.3869761793214878,0.1321024875222957,0.20401846040396643,0.038654106485039835,0.14114564182054246,PARABOLIC,0.057489967305311744,0.020882977556752096,0.016144290865367596,0.0020367752666504047,0.028617002226024528,3,0.6768725725226744,0.5871019943276292,0.04518360160846347,0.18018029412978784,True,True
10,15,992.2847951191836,139.75283233753026,23.28233116571719,1.7432670816710296,0.33612015897305025,0.1329632003560311,0.20401846040396643,0.03896512744155924,0.14332650129580518,PARABOLIC,0.05715904285511458,0.0208829775567521,0.016144290865367596,0.0025709400108142313,0.028617002226024528,3,0.6478675728267139,0.5871019943276292,0.04518360160846347,0.15,True,True
10,16,965.3058154615969,133.62301190588693,31.788689741491922,2.178443756810502,0.4867348703549128,0.13595371046950133,0.2583662170690347,0.03896512744155925,0.12443678504432652,PARABOLIC,0.03951049510006449,0.0208829775567521,0.026416763365563166,0.001955357044405624,0.028617002226024528,3,0.40490060214574974,0.5055156166201475,0.045183601608463464,0.24482354855486352,True,True
10,17,951.2368003684775,128.73304080236895,31.789643019846302,2.079662998368892,0.46278353686558166,0.13803311640769192,0.20617638301140126,0.038850540895748686,0.13492869165611276,OGIVE,0.05135408090188835,0.022407548485692867,0.03583883610996308,0.0018059531980466454,0.027261554429445146,4,0.5540082356789796,0.6265824826322459,0.047689140439515956,0.25846680203982614,True,True
10,18,982.3875371467178,142.325049629393,26.70432087386564,2.4973935128487823,0.3647701430855289,0.1311319298336084,0.20264864635879626,0.03901071144895502,0.13708584536678575,PARABOLIC,0.05135408090188835,0.02031072074061888,0.03972474416978186,0.001905047400381376,0.03063891506152491,3,0.8789256719082766,0.546746204625923,0.04505356471056349,0.17652312911709817,True,True
10,19,961.4879479978144,147.95643244875833,27.08929914007288,2.6185413632600176,0.37443737121886,0.12780408203650062,0.20401846040396643,0.03896512744155924,0.13869166269100747,CONICAL,0.06139815159884277,0.014434171138396248,0.016144290865367596,0.0021365604053325987,0.038921809528484945,3,0.6768725725226744,0.6577611060858861,0.045431786967320816,0.1697400075924068,True,True
10,20,962.7159887563171,130.8051039210062,24.326310882663705,2.2193781759070457,0.34709369734235973,0.13737635730123518,0.2,0.038850540895748686,0.13750774003089683,PARABOLIC,0.05135408090188835,0.022780864619546884,0.03900638154519255,0.0018059531980466454,0.027261554429445146,4,0.6606203635641552,0.5019650727216711,0.05094869221414924,0.17652312911709817,True,True
11,0,986.9788449076108,138.71696435244905,31.366575521242932,2.0149665898502462,0.4608667120344726,0.13408740812984102,0.20401846040396643,0.03896512744155924,0.14286346439546632,PARABOLIC,0.04620479875149056,0.02068940354645489,0.016144290865367596,0.0020367752666504047,0.02825567685862277,3,0.6415267620963983,0.5871019943276292,0.04518360160846347,0.22809643619687017,True,True
11,1,996.678279985649,140.67449958781867,25.69483941193376,2.0535885615357388,0.37023626750749933,0.13200231493882778,0.20401846040396643,0.03896512744155924,0.13869166269100747,PARABOLIC,0.05216277961697954,0.020893760822964125,0.016144290865367596,0.00209503344282729,0.030325653752194252,3,0.6768725725226744,0.6577611060858861,0.04537495358946528,0.17041678871962332,True,True
11,2,994.2515073599951,138.25994143361007,26.23210528018837,1.7589025087831462,0.39639075733440243,0.1334050934290653,0.20401846040396643,0.03909830872704059,0.14286346439546632,PARABOLIC,0.05711823847299877,0.020882977556752096,0.016144290865367596,0.0023080765344193226,0.028617002226024528,3,0.6768725725226744,0.5871019943276292,0.045080969705314285,0.18018029412978784,True,True
11,3,992.657946604478,142.22652759409277,27.023009067640412,1.8966176917819901,0.37172837474934123,0.1319419371793734,0.20401846040396643,0.038520925199558485,0.14114564182054246,PARABOLIC,0.057530771687427554,0.020882977556752096,0.016144290865367596,0.0020367752666504047,0.028617002226024528,3,0.6768725725226744,0.5871019943276292,0.045183601608463464,0.18018029412978784,True,True
11,4,991.8281588477968,142.12856629937008,24.711638025930107,1.973737121323217,0.34908021769836795,0.13201343089445508,0.20730801494549891,0.03876694438046341,0.14286346439546632,PARABOLIC,0.057159042855114583,0.020882977556752096,0.017980425532044916,0.0020367752666504047,0.028617002226024528,3,0.6801649245887682,0.5871019943276292,0.04518360160846347,0.15941593952619204,True,True
11,5,999.7968284835874,140.05018967671558,25.857623810467224,1.8330625470745792,0.3850722272630403,0.13239407312155602,0.2040320864994205,0.038899409683326704,0.14286346439546632,PARABOLIC,0.057159042855114583,0.020882977556752096,0.016144290865367596,0.0020367752666504047,0.028617002226024528,3,0.6768725725226744,0.5871019943276292,0.04518360160846347,0.17317821539920808,True,True
11,6,992.8788600961785,138.1517706719158,28.07281381295609,2.0362904864489924,0.4033040830537401,0.13292350539822215,0.20401846040396643,0.03896512744155924,0.13869166269100747,PARABOLIC,0.051166009176355554,0.019828613007356048,0.016144290865367596,0.0021560770252918933,0.02997698061681349,3,0.6768725725226744,0.6577611060858861,0.0453100162299126,0.19728123267046,True,True
11,7,998.3033016468727,140.50629018834962,25.302927060472143,1.9639656147070153,0.3564130473610551,0.13245371995221758,0.20401846040396643,0.03896512744155924,0.13869166269100747,PARABOLIC,0.05815581329573856,0.024943303571639444,0.016144290865367596,0.0020892296919054185,0.02991930170746374,3,0.6768725725226744,0.6577611060858861,0.04537495358946528,0.1674107517639459,True,True
11,8,980.3291277651564,135.97179322810655,23.39513807227429,1.7837056031395202,0.35523041350733836,0.13435635586136935,0.21737272280295128,0.03896512744155925,0.13994704147452453,PARABOLIC,0.07126364790029449,0.020882977556752093,0.016144290865367596,0.002405777521467634,0.028617002226024528,3,0.7271740235271249,0.5970604819853099,0.045183601608463464,0.15723902745747376,True,True
11,9,984.8951419785445,144.59182454078052,27.513986273903384,1.978694854623764,0.3981687716244818,0.13081661289284227,0.20401846040396643,0.03896512744155925,0.13845180908093688,PARABOLIC,0.03411521793431926,0.0208829775567521,0.016144290865367596,0.0021205195337522216,0.028617002226024528,3,0.5647163587167212,0.49555712896246684,0.04518360160846347,0.18018029412978784,True,True
11,10,980.2842702213109,135.73242513304243,26.242383535160954,2.2837372327808656,0.39755244602108775,0.13394078067961895,0.23202996495393932,0.03985431243681649,0.12496803934743309,OGIVE,0.054992086235505507,0.030121041331866043,0.02099317259866548,0.002013791083715547,0.02868344691161268,3,0.7254840139998708,0.5871019943276292,0.04518360160846347,0.18500546079164928,True,True
11,11,993.7094619141172,141.46823307083486,25.497363318044602,2.0717973868223845,0.37552715462424996,0.13191116840842018,0.20401846040396643,0.03896512744155924,0.13869166269100747,PARABOLIC,0.05216277961697954,0.02070018681266692,0.016144290865367596,0.002118255140318927,0.029964328384792495,3,0.6768725725226744,0.6577611060858861,0.04540760334361969,0.1674107517639459,True,True
11,12,960.4564233216018,152.04110445298937,25.526968374221127,2.0000942754631996,0.36755299746473846,0.12616043642189537,0.20401846040396643,0.03896512744155924,0.10380047351628191,PARABOLIC,0.05715904285511458,0.020882977556752096,0.018138127162370243,0.0021133387078409623,0.029964328384792495,3,0.6768725725226744,0.6577611060858861,0.0453991372131664,0.15,True,True
11,13,978.3767609578754,133.42135075193553,25.988202154261234,1.6415422861143898,0.39744133776624235,0.13574846476353974,0.2,0.04,0.14286346439546632,PARABOLIC,0.05715904285511458,0.033368666482453214,0.017980425532044916,0.002434843750326703,0.028617002226024528,3,0.6801649245887682,0.5871019943276292,0.04518360160846347,0.18777764126058372,True,True
11,14,971.5702584537707,147.71156950100027,28.201715570098663,2.1141850126740294,0.3875414030588475,0.1288088474530725,0.20401846040396643,0.03896512744155924,0.11553288228865341,OGIVE,0.05603444950103505,0.020882977556752096,0.018213802037660792,0.0020367752666504047,0.030681852009644787,3,0.6768725725226744,0.47962410568540703,0.04518360160846348,0.18018029412978784,True,True
11,15,946.7430277499113,127.00370486530625,22.87385278645479,2.103916955280804,0.3528072502363641,0.14009150934883338,0.20279525972824983,0.03896512744155924,0.13869166269100747,PARABOLIC,0.05801491539094497,0.020882977556752096,0.015529199459980523,0.0021365604053325987,0.026672560425977418,4,0.6674951958852489,0.6577611060858861,0.052220910976882605,0.1697400075924068,True,True
11,16,978.0382483677186,145.80688506920725,27.38115478904386,2.1435863952853675,0.3856352576290185,0.1298549336568618,0.2012232006757166,0.038850540895748686,0.13750774003089683,PARABOLIC,0.05049820836605796,0.022780864619546884,0.03962147295057962,0.0018059531980466454,0.03055332238826023,3,0.6699977402015809,0.5019650727216711,0.044159568204587454,0.17652312911709817,True,True
11,17,928.6359992641203,155.38435219304202,28.457087884207763,2.951381568344525,0.34421398293298944,0.12789743486972202,0.20401846040396643,0.03188881851774168,0.1602549757626106,PARABOLIC,0.0680053793556675,0.020882977556752096,0.019858297498383852,0.001,0.028617002226024528,3,0.7622479360848604,0.5871019943276292,0.04912651630203024,0.17037485304837421,True,True
11,18,996.9194184905252,140.92711684550054,26.784845181198392,1.9757703327845573,0.38859575417911596,0.13213362557560082,0.20401846040396643,0.03896512744155925,0.13984673580257842,PARABOLIC,0.05502203423399633,0.0208829775567521,0.016144290865367596,0.0020367752666504047,0.028617002226024528,3,0.7259655548988013,0.5871019943276292,0.04518360160846347,0.18018029412978784,True,True
12,0,957.8339478325203,132.00521210438262,23.672154279753375,2.5294035894272375,0.36978417839011174,0.1363213254008523,0.2496385694342449,0.03896512744155924,0.13869166269100747,PARABOLIC,0.059044626360174074,0.026470856141683367,0.016144290865367596,0.00209503344282729,0.029919868402522934,3,0.6768725725226744,0.6427359071820075,0.04537495358946528,0.1674107517639459,True,True
12,1,995.4003478820927,141.124525419235,25.464869019338288,2.0436681021650487,0.3690221622374667,0.13166168977838022,0.20401846040396643,0.03896512744155924,0.13869166269100747,PARABOLIC,0.05127396655254403,0.019172634242622996,0.016144290865367596,0.0020892296919054185,0.029963761689733304,3,0.6768725725226744,0.6577611060858861,0.04537495358946528,0.1674107517639459,True,True
12,2,994.4287801068826,141.37836784983017,25.48907757393465,2.050662387436458,0.35767912661911455,0.13187548546351335,0.20401846040396643,0.03896512744155924,0.13869166269100747,PARABOLIC,0.05287099430092143,0.020751748752912517,0.016144290865367596,0.00209503344282729,0.0299643283847925,3,0.6768725725226744,0.6577611060858861,0.04537495358946528,0.1674107517639459,True,True
12,3,998.2468158873464,140.52343323278288,25.3170093850788,1.9941973801901172,0.3588348016385637,0.1323247673932494,0.20401846040396643,0.03896512744155924,0.13869166269100747,PARABOLIC,0.056450828171172696,0.020831415616506498,0.016144290865367596,0.0021365604053325987,0.0299643283847925,3,0.6768725725226744,0.6577611060858861,0.04549514752499374,0.1674107517639459,True,True
12,4,985.8550522012204,138.16301686604172,31.268538075712893,1.844214467328985,0.4394794357152321,0.1338934524524499,0.20401846040396643,0.03896512744155924,0.1414248361191241,PARABOLIC,0.04620479875149056,0.02316586341545434,0.016144290865367596,0.0020367752666504047,0.027733474849452155,3,0.6415267620963983,0.656673654350117,0.04514675409409682,0.22809643619687017,True,True
12,5,947.8230977118582,126.96786979138544,22.653291791509893,1.7087295613364575,0.337367487530942,0.14032133945934064,0.20401846040396643,0.03896512744155924,0.1401302909673497,PARABOLIC,0.05587121424516418,0.022466843702639995,0.016144290865367596,0.0020892296919054185,0.026825886771372275,3,0.6768725725226744,0.5881894460633983,0.0538278770257701,0.1674107517639459,True,True
12,6,998.2886994586337,140.5109924365737,25.30992312920224,1.9651875611290646,0.34816169405274866,0.13235787728158516,0.20401173734700712,0.03896512744155924,0.13869166269100747,PARABOLIC,0.058484590390530874,0.023104765998212387,0.016144290865367596,0.0020892296919054185,0.02991930170746374,3,0.6768725725226744,0.6577611060858861,0.04537495358946528,0.1674107517639459,True,True
12,7,983.6666081068665,135.03387754840273,26.712944732466582,1.8365701450120986,0.40339230412729055,0.13506827016475692,0.21023571662431567,0.04,0.14286346439546632,PARABOLIC,0.05683026576032226,0.022721515130179157,0.016144290865367596,0.0020367752666504047,0.028617002226024528,3,0.6752157206284702,0.5671459095889182,0.04518360160846347,0.19164395877000265,True,True
12,8,980.8379040377725,134.51143178797014,24.720411439921087,1.937566808331076,0.3662816538336871,0.13560140130332113,0.2040320864994205,0.038899409683326704,0.1633604105157199,PARABOLIC,0.05296705637361841,0.02479010446628801,0.016144290865367596,0.0020367752666504047,0.028617002226024528,3,0.7104507989996123,0.5540235368792605,0.04518360160846347,0.17317821539920808,True,True
12,9,992.2311061150593,137.6440766240567,26.545680380971337,1.8541177024278432,0.39486483551932333,0.13381750470584156,0.20401846040396643,0.03909830872704059,0.1428838816999115,PARABOLIC,0.05935355197478571,0.020809817793627783,0.016144290865367596,0.002277064421745611,0.029693178971180092,3,0.6768725725226744,0.5908177630424386,0.0450532340678892,0.18451008093377697,True,True
12,10,998.8090165300886,140.30654524801028,28.036457502087615,1.9342014661411033,0.394275822621511,0.13253010901357615,0.20401846040396643,0.03896512744155924,0.13867124538656228,PARABOLIC,0.04893069567456862,0.01990177277048036,0.016144290865367596,0.002187089137965605,0.028900803871657926,3,0.6768725725226744,0.6540453373710768,0.04533775186733768,0.19295144586647087,True,True
12,11,960.5083260013957,131.48029265421704,23.521535062142362,2.2795672652757357,0.3467318777797707,0.1377845288852471,0.20401846040396643,0.03896512744155924,0.13965802240984615,OGIVE,0.0463340423780649,0.02079739011998968,0.016144290865367596,0.00209503344282729,0.030552898059228697,3,0.6768725725226744,0.6820856861332453,0.051367298233390375,0.1674107517639459,True,True
12,12,977.564663942906,135.27146708009587,23.278251805658883,1.5801030007368764,0.3478383122517124,0.13455256590563938,0.21737272280295128,0.03896512744155925,0.13898068175568584,PARABOLIC,0.07709238513920913,0.02078577424942933,0.016144290865367596,0.002405777521467634,0.02802843255158833,3,0.7271740235271249,0.5727359019379508,0.04527342520260052,0.15723902745747376,True,True
12,13,998.1340316768283,140.55659222511866,26.695233065746798,1.8999112185202618,0.39878345748307137,0.13242690182813366,0.20401846040396643,0.038923334164853426,0.14286346439546632,PARABOLIC,0.057099710802325426,0.020882977556752096,0.016144290865367596,0.001904060778947338,0.028617002226024528,3,0.6768725725226744,0.5871019943276292,0.04523021233468845,0.18018029412978784,True,True
12,14,992.5580417100776,137.74398193540054,26.118518983514278,1.8200017190950162,0.4032421971422225,0.13371336554975274,0.20401846040396643,0.03914010200374641,0.14286346439546632,PARABOLIC,0.05717757052578792,0.020882977556752096,0.016144290865367596,0.0024407910221223893,0.028617002226024528,3,0.6768725725226744,0.5871019943276292,0.045034358979089306,0.18018029412978784,True,True
12,15,939.3788216576472,156.19327890329086,31.112762402020177,1.6368249007049522,0.4257327728113426,0.12419825500386544,0.2029250291771302,0.03845532065104833,0.14282864161614886,PARABOLIC,0.05655205170857147,0.020882977556752096,0.016780904030665334,0.002022113313672006,0.028669398462846565,3,0.5795859718795394,0.6190008425721185,0.037106932427120695,0.18846816202650976,True,True
12,16,984.7105242872475,144.6489391047359,25.163608440587204,1.6449025494714018,0.370508284484198,0.12965437759968465,0.2,0.04,0.12518787166290843,PARABOLIC,0.05559907738204862,0.01,0.0203642853646,0.0022158087589231883,0.028631050674790645,3,0.6768725725226744,0.5871019943276292,0.04518360160846347,0.15849162827604857,True,True
12,17,938.7770522119346,155.52338493363698,30.30756450811694,2.051167207281885,0.396050140381781,0.1249860347066047,0.2,0.038507001513860106,0.10070499838392061,PARABOLIC,0.04734291606075195,0.022769511594983135,0.016144290865367596,0.002046872853618113,0.028617002226024528,3,0.6768725725226744,0.5871019943276292,0.04518360160846347,0.18342058291396252,True,True
12,18,998.37315514395,140.48466072746047,26.13849710621673,1.7270682103842638,0.3675060585159812,0.1317889982068541,0.2029250291771302,0.04,0.13233669546305227,PARABOLIC,0.05435884702912544,0.0208829775567521,0.02099317259866548,0.0020036934967478386,0.02868344691161268,3,0.6514067275804688,0.5871019943276292,0.04518360160846347,0.17476309327689485,True,True
12,19,996.5679675514826,141.03451012398256,25.39404581090958,1.9596721349715465,0.3797036196033876,0.13235409507077617,0.20401846040396643,0.03896512744155924,0.13869166269100747,PARABOLIC,0.05703813912801917,0.020882977556752096,0.016144290865367596,0.0021338093359482197,0.029931642615027076,3,0.6768725725226744,0.6577611060858861,0.04549514752499374,0.1674107517639459,True,True
12,20,999.3400994270972,139.81029646163174,25.190626063219288,1.9814241665656747,0.37513635999058587,0.13247401466065467,0.20401846040396643,0.03896512744155924,0.13869166269100747,PARABOLIC,0.05827671702283396,0.024943303571639444,0.016144290865367596,0.0020919807612897975,0.02995198747722916,3,0.6768725725226744,0.6577611060858861,0.04537495358946528,0.1674107517639459,True,True
12,21,990.3787684107066,137.07976695053787,27.783593812560813,1.954274581989122,0.40414497882278155,0.1338812860503741,0.20401846040396643,0.03972525024162559,0.13869166269100747,PARABOLIC,0.051166009176355554,0.019828613007356048,0.021677613462958,0.002190357491855241,0.029717561756426092,3,0.6768725725226744,0.6577611060858861,0.0453100162299126,0.19728123267046,True,True
12,22,994.0273012899542,141.80842399350126,27.514745588273396,1.8405145820118558,0.39549125067982177,0.13154797783396255,0.2029250291771302,0.03909418963675014,0.13502432580858426,PARABOLIC,0.054992086235505507,0.020882977556752096,0.015459850001075075,0.0019795106171521994,0.028942865772000073,3,0.6514067275804688,0.5871019943276292,0.04518360160846347,0.18500546079164928,True,True
13,0,993.1923346401544,141.70839527830736,25.54661820285743,2.058325158923482,0.36190795853152763,0.13189006038974643,0.20401846040396643,0.038765634483766416,0.13869166269100747,PARABOLIC,0.05703813912801917,0.01,0.015117099236162657,0.0023707552421266703,0.029931642615027076,3,0.7658520765888943,0.6577611060858861,0.04549514752499374,0.1674107517639459,True,True
13,1,997.5774863457797,140.72644143944095,26.940849799824576,1.886576516085179,0.3917559831164896,0.13251685790195317,0.20401846040396643,0.03893253511112115,0.14286346439546632,PARABOLIC,0.05711327793896126,0.020882977556752096,0.016144290865367596,0.001904060778947338,0.028617002226024528,3,0.6768725725226744,0.5871019943276292,0.04523021233468845,0.18222191591475073,True,True
13,2,979.9282905711151,135.49074313613434,30.557319628063908,1.8389304106239421,0.48281100797079224,0.1344475033053608,0.2250127631501212,0.04,0.17211363821642148,OGIVE,0.0626610779604851,0.01640828629302543,0.016144290865367596,0.00171977695374709,0.028617002226024528,3,0.6840670323020619,0.5513243847407514,0.03767551205949218,0.2275956522407246,True,True
13,3,960.3383075543393,151.5561195710209,28.22307097760746,2.0409081705301118,0.3746700448132786,0.12631490081665736,0.2040320864994205,0.038899409683326704,0.14286346439546632,CONICAL,0.057159042855114583,0.020882977556752096,0.016144290865367596,0.0020367752666504047,0.028617002226024528,3,0.6768725725226744,0.584868989384107,0.04518360160846347,0.17317821539920808,True,True
13,4,967.1868122429233,134.14193537989965,22.363898554343127,2.1508436934991417,0.32535991276267506,0.1346480525029834,0.20541842497092067,0.04,0.1517357373377412,PARABOLIC,0.05528292771294424,0.01,0.016838591379139775,0.001876960750001004,0.028631050674790645,4,0.6768725725226744,0.5871019943276292,0.04518360160846347,0.15,True,True
13,5,954.3099553397876,153.91490508003642,27.053714541361842,1.7868382136592265,0.374689383080629,0.12625741154154926,0.2,0.037443362175081686,0.1246646679460573,PARABOLIC,0.057159042855114583,0.020882977556752096,0.01966998485082782,0.001666568328916925,0.028617002226024528,3,0.5324664061978324,0.5871019943276292,0.04518360160846347,0.16022489110329036,True,True
13,6,997.7368064549294,140.67791286461951,27.121563844688648,1.9464919241970153,0.39069973484277404,0.1324902854053191,0.2032433350073319,0.03985431243681649,0.13502432580858426,PARABOLIC,0.054992086235505507,0.020882977556752096,0.02099317259866548,0.002013791083715547,0.028716329186891928,3,0.7250922445857829,0.5871019943276292,0.04518360160846347,0.18405964678774536,True,True
13,7,931.0429208849513,161.00562413329015,27.19880161415888,1.3017107716126062,0.40989438899983444,0.12089269970337259,0.20370015457376472,0.04,0.1397071878644539,PARABOLIC,0.06586837073454925,0.0208829775567521,0.016144290865367596,0.0023223409316808327,0.028584119950745283,3,0.564204562813755,0.5871019943276292,0.032427954707504356,0.15,True,True
13,8,999.6929794076899,139.9177784910532,25.231898632236952,1.8138018195773309,0.3726498552928541,0.1321778462383247,0.20401846040396643,0.03896512744155924,0.13869560851832338,PARABOLIC,0.05815581329573856,0.022444679066802226,0.016144290865367596,0.0020892296919054185,0.029220776489295112,3,0.6768725725226744,0.6577611060858861,0.04537495358946528,0.1674107517639459,True,True
13,9,997.2032508186816,139.9563413461691,27.943713888406073,2.1305585922700594,0.42340282666223467,0.13279901340846112,0.20401846040396643,0.03896512744155924,0.13866729955924637,PARABOLIC,0.04893069567456862,0.022400397275317577,0.016144290865367596,0.002187089137965605,0.029599329089826553,3,0.6768725725226744,0.6540453373710768,0.04533775186733768,0.19295144586647087,True,True
13,10,965.494617265522,130.12632147147355,24.481636088635756,1.6098432786679526,0.379686620969872,0.13870412693969666,0.2,0.03828172060353636,0.1306936251117913,PARABOLIC,0.08000000000000002,0.0208829775567521,0.016144290865367596,0.0020367752666504047,0.029754700833957353,3,0.7011846549988342,0.8041720776899322,0.0526137903938343,0.18018029412978784,True,True
13,11,996.9893911240584,139.0938795762328,25.11821258250332,1.8726258176710824,0.3777283995998513,0.1320886693121437,0.20401846040396643,0.03896512744155924,0.13869166269100747,PARABOLIC,0.056450828171172696,0.019774441604062682,0.016144290865367596,0.0020791284391361775,0.029953133398003755,3,0.6768725725226744,0.6577611060858861,0.045461634676421905,0.1674107517639459,True,True
13,12,999.7973605936799,140.05045025905767,25.21888265017719,1.9683269905687328,0.37120183690026975,0.1326035177919623,0.20401173734700712,0.03896512744155924,0.13869166269100747,PARABOLIC,0.058484590390530874,0.024161740010656203,0.016144290865367596,0.0021466616581018397,0.02993049669425248,3,0.6768725725226744,0.6577611060858861,0.045408466438037115,0.1674107517639459,True,True
13,13,997.1809013679441,140.84801343004875,26.75041788070867,1.885816458592741,0.36902339244947335,0.1324421452105645,0.20401846040396643,0.038923334164853426,0.14286346439546632,PARABOLIC,0.0517426519674616,0.019849805858291106,0.016144290865367596,0.0020884136075470165,0.02852065458571007,3,0.6768725725226744,0.6150330487594424,0.04523021233468845,0.18018029412978784,True,True
13,14,999.3954502237596,139.82842049653647,27.947046389536673,1.9067946407128327,0.4162489611074393,0.13254793222228053,0.20401846040396643,0.03896512744155924,0.13867124538656228,PARABOLIC,0.05428775450943245,0.020934944468941355,0.016144290865367596,0.0020027363093659263,0.028997151511972387,3,0.6768725725226744,0.6261142829392636,0.04533775186733768,0.19295144586647087,True,True
13,15,905.5627119354917,164.7063169563886,30.233656347003635,2.4700632571370935,0.43927204392992275,0.11932318910684901,0.20401846040396643,0.03896512744155924,0.13869166269100747,CONICAL,0.05287099430092143,0.014569285732140662,0.009613802238991916,0.00209503344282729,0.0299643283847925,4,0.6768725725226744,0.6577611060858861,0.0377012821746691,0.1674107517639459,True,True
13,16,999.3755396855465,139.82158843434343,27.038726605316835,1.9919908805602105,0.3912053211559864,0.13297642729509015,0.20401846040396643,0.03896512744155925,0.13869166269100747,PARABOLIC,0.05703813912801917,0.020882977556752096,0.016144290865367596,0.0020918530087608712,0.029931642615027076,3,0.6864241065841588,0.5627119874157887,0.045567956387179046,0.1848965221242448,True,True
13,17,988.4852968815256,143.30139469441042,25.29121530313478,2.032328793771173,0.36779820444535727,0.13152186709323113,0.20401846040396643,0.038965127441559236,0.13984673580257842,PARABOLIC,0.05502203423399633,0.0208829775567521,0.016144290865367596,0.002078731593837753,0.028617002226024528,3,0.7164140208373171,0.6821511129977267,0.04511079274627816,0.16269452376948895,True,True
13,18,990.3904473334663,138.85308172434108,24.105511531031496,2.1117733884103345,0.33275787351488983,0.1319290422858093,0.2,0.04,0.12518787166290843,OGIVE,0.05559907738204862,0.0189235898902363,0.0203642853646,0.0022158087589231883,0.028631050674790645,4,0.6768725725226744,0.5871019943276292,0.04518360160846347,0.15849162827604857,True,True
14,0,988.1877825756952,140.54113365125374,27.22927585056288,2.5000315451373782,0.36213649989784796,0.13235206176962258,0.2,0.037817806897530434,0.1450125322549589,PARABOLIC,0.054992086235505507,0.020882977556752096,0.017579839301397008,0.002013791083715547,0.03516053733682814,3,0.6827354536571555,0.6704045759445038,0.04518360160846347,0.18500546079164928,True,True
14,1,993.120740291918,141.84943054810418,25.52499248345141,2.038684819760835,0.3787778758917005,0.13220500629229795,0.2040332779833855,0.03896512744155924,0.1381899626963067,PARABOLIC,0.05827671702283396,0.024238406522274807,0.016144290865367596,0.002033224462580647,0.02995198747722916,3,0.6768725725226744,0.6577611060858861,0.04537495358946528,0.1674107517639459,True,True
14,2,982.076800492611,141.9208253122797,26.223472200146723,2.5792517749847454,0.36243691815758977,0.13163368902184033,0.20401726892000144,0.038899409683326704,0.14336516439016708,PARABOLIC,0.057159042855114583,0.012024187099137976,0.012563651842622188,0.0015430881926996732,0.03483536199011612,3,0.804354732510293,0.5871019943276292,0.04518360160846347,0.17317821539920808,True,True
14,3,921.3895397188829,158.32115721769992,32.64043408666114,2.244898313953263,0.41974132769726485,0.12520564696345163,0.22239764236225879,0.03383662541363062,0.14286346439546632,PARABOLIC,0.057159042855114583,0.020882977556752096,0.016144290865367596,0.0020367752666504047,0.020947787505256325,4,0.6768725725226745,0.5970854525266004,0.04203243030009224,0.19780047592944092,True,True
14,4,969.8869298824823,136.90661389385855,32.97818639544132,1.3987729904941073,0.5141998804437471,0.1352545583627606,0.20402314098798136,0.03896512744155924,0.1418263847296036,PARABOLIC,0.05428775450943245,0.020934944468941355,0.0194013828412145,0.0020027363093659263,0.02,4,0.6768725725226745,0.6261142829392636,0.04533775186733768,0.24818026423385536,True,True
14,5,989.4034814699436,143.21810805961982,25.792580660551028,1.5168724012487969,0.3842122159233639,0.13164991718734428,0.20401846040396643,0.03896512744155924,0.13869166269100747,PARABOLIC,0.05827671702283396,0.024943303571639444,0.016144290865367596,0.0020919807612897975,0.025264310135599204,3,0.6768725725226744,0.6577611060858861,0.04537495358946528,0.1674107517639459,True,True
14,6,999.3400994270972,139.81029646163174,25.190626063219288,1.9814241665656747,0.37513635999058587,0.13247401466065467,0.20401846040396643,0.03896512744155924,0.13869166269100747,PARABOLIC,0.05827671702283396,0.024943303571639444,0.016144290865367596,0.0020919807612897975,0.02995198747722916,3,0.6768725725226744,0.6577611060858861,0.04537495358946528,0.1674107517639459,True,True
14,7,999.5950101699864,141.60009900569256,27.05491353375087,2.005763042550444,0.40060325157712107,0.13257853088143404,0.2040320864994205,0.03887760659903401,0.14313179246677718,PARABOLIC,0.05412392762964612,0.020882977556752096,0.016144290865367596,0.0020367752666504047,0.028735076305383116,3,0.6768725725226744,0.5973232546668201,0.04518360160846347,0.18199588691645024,True,True
14,8,916.3496869541182,119.78289192573155,22.75348700696743,2.4147379102098543,0.4040813770259271,0.143106918579367,0.2553224414980185,0.038986930525851934,0.1802886091592722,PARABOLIC,0.05732286973490091,0.020934944468941355,0.016144290865367596,0.0020027363093659263,0.028850732232192016,3,0.6768725725226744,0.6158930226000727,0.04533775186733768,0.18413377434922867,True,True
14,9,967.7761131499518,131.34569409718713,25.60843992539017,2.1895951137403027,0.38592505646204917,0.1369691292440007,0.2,0.03985431243681649,0.15422575787830123,PARABOLIC,0.054992086235505507,0.020882977556752096,0.02099317259866548,0.002013791083715547,0.02868344691161268,4,0.6514067275804688,0.5871019943276292,0.04518360160846347,0.18865729840577417,True,True
14,10,989.5585077541564,141.48457505337655,23.615649074984884,1.9582400772902442,0.3343548352412038,0.13174647727647548,0.20401846040396643,0.03896512744155925,0.13869166269100747,PARABOLIC,0.05703813912801917,0.020882977556752096,0.016144290865367596,0.0020918530087608712,0.029931642615027076,3,0.6864241065841588,0.5627119874157887,0.045567956387179046,0.15,True,True
14,11,992.5582606041809,140.37135121537452,23.452962981299983,1.96489962206976,0.3524743855668306,0.1318673425573775,0.2,0.03896512744155924,0.13869166269100747,PARABOLIC,0.05827671702283396,0.024943303571639444,0.016144290865367596,0.0021776079518317257,0.02995198747722916,3,0.7390003362394966,0.6577611060858861,0.045460281945187364,0.15,True,True
14,12,994.9862158926721,141.51730943561597,25.491340689804996,1.9612835521346816,0.35734777879075574,0.13203809671783762,0.20401846040396643,0.03896512744155924,0.13869166269100747,PARABOLIC,0.056450828171172696,0.019774441604062682,0.016144290865367596,0.0020942031923184886,0.029953133398003755,3,0.6768725725226743,0.6577611060858861,0.04537630632069982,0.1674107517639459,True,True
14,13,962.9312542950582,151.5576563966562,29.026822415773786,1.5598951001909966,0.42635842843295896,0.12677045296217124,0.2,0.03896512744155925,0.1397071878644539,PARABOLIC,0.06586837073454925,0.023466403319838777,0.01152900695254511,0.0021133630544997485,0.028617002226024528,3,0.6614072260233962,0.6558468391038826,0.039180152755846666,0.18018029412978784,True,True
14,14,997.7698766295597,140.58176747850004,25.322852386744866,2.014253020759201,0.36377002172126244,0.13228124070617683,0.20401846040396643,0.03896512744155925,0.13869166269100747,PARABOLIC,0.05827671702283396,0.024943303571639444,0.016144290865367596,0.0020153929734404536,0.02995198747722916,3,0.6999279395768316,0.5890162613096327,0.04537495358946528,0.1674107517639459,True,True
14,15,990.194352056707,137.02380581973622,27.4055127012964,1.6603781500712833,0.41231341377764524,0.1336439812551576,0.2029250291771302,0.03985431243681649,0.1397101598343451,PARABOLIC,0.05760002876549415,0.01997835627359135,0.019012442838323856,0.002013791083715547,0.0285905646121496,3,0.6514067275804688,0.5871019943276292,0.045149136596204134,0.19360785106399253,True,True
14,16,995.8445510499729,141.1048816076554,27.292986925522793,2.024509791029113,0.4031347178278495,0.1318465396256887,0.20401846040396643,0.03896512744155924,0.13398541136080144,OGIVE,0.04424100842461851,0.020806394053641108,0.01812502062570922,0.002445875150009857,0.028993686171121004,3,0.6768725725226744,0.6540453373710768,0.04537221687959701,0.18434905559412762,True,True
14,17,999.6929794076899,139.9177784910532,25.231898632236952,1.8138018195773309,0.3726498552928541,0.1321778462383247,0.20401846040396643,0.03896512744155924,0.13869560851832338,PARABOLIC,0.05815581329573856,0.022444679066802226,0.016144290865367596,0.0020892296919054185,0.029220776489295112,3,0.6768725725226744,0.6577611060858861,0.04537495358946528,0.1674107517639459,True,True
14,18,999.6929794076899,139.9177784910532,25.231898632236952,1.8138018195773309,0.3726498552928541,0.1321778462383247,0.20401846040396643,0.03896512744155924,0.13869560851832338,PARABOLIC,0.05815581329573856,0.022444679066802226,0.016144290865367596,0.0020892296919054185,0.029220776489295112,3,0.6768725725226744,0.6577611060858861,0.04537495358946528,0.1674107517639459,True,True
15,0,964.3130685227966,148.71083284614406,28.370887814280753,2.2792529876498264,0.39472546663758484,0.12923296246942595,0.20401846040396643,0.03625827704362615,0.13993353892904076,PARABOLIC,0.055573392686622355,0.02349386403227464,0.01992030931354498,0.002116138477489693,0.028634079458805653,3,0.7101765004363952,0.6437583034094353,0.04518360160846347,0.18018029412978784,True,True
15,1,967.8516988330501,149.78648795964102,27.185359411283287,1.8369668801464967,0.4040103689407734,0.12692851288350107,0.20401846040396643,0.03896512744155925,0.13846531162642062,CONICAL,0.07066577506641097,0.022332417096116903,0.016144290865367596,0.0020126175504505094,0.029934910244448033,3,0.6815373255894523,0.5534466439858263,0.04537495358946528,0.1674107517639459,True,True
15,2,869.8221684381842,175.19123126060674,32.91906676826433,1.746400325555481,0.44769014326911094,0.11525216854154718,0.20401846040396643,0.03896512744155925,0.13869560851832338,PARABOLIC,0.055075931389487326,0.020755614163442244,0.016144290865367596,0.0020892296919054185,0.029165814938140716,3,0.6753783023502281,0.6577611060858861,0.028618452114965668,0.1711603999950838,True,True
15,3,997.2741433838758,139.18065892878744,26.01266945947795,1.6817032881470135,0.37729742067318306,0.13302944784208517,0.20401846040396643,0.03896512744155924,0.1397071878644539,PARABOLIC,0.06894825264080048,0.0208829775567521,0.016144290865367596,0.0020367752666504047,0.028671963777178924,3,0.7274598250712476,0.5871019943276292,0.04541230129354633,0.1764306458986499,True,True
15,4,999.7973605936799,140.05045025905767,25.21888265017719,1.9683269905687328,0.37120183690026975,0.1326035177919623,0.20401173734700712,0.03896512744155924,0.13869166269100747,PARABOLIC,0.058484590390530874,0.024161740010656203,0.016144290865367596,0.0021466616581018397,0.02993049669425248,3,0.6768725725226744,0.6577611060858861,0.045408466438037115,0.1674107517639459,True,True
15,5,978.8994092355965,145.5489117626907,24.28519968609424,1.248043141090511,0.36298423837192256,0.13056701268629797,0.20401173734700712,0.03896512744155924,0.13869166269100747,PARABOLIC,0.058484590390530874,0.02023324125715005,0.016144290865367596,0.0021466616581018397,0.022897945987586515,3,0.6768725725226744,0.5758421638998306,0.045408466438037115,0.15,True,True
15,6,993.4749123255721,143.5017408377955,25.826938974189435,1.5792986443267418,0.36436631791742313,0.13176947283102686,0.2040141948624601,0.03896512744155924,0.138692483528577,OGIVE,0.05815581329573856,0.023862347463736812,0.016144290865367596,0.0021221213221642972,0.025422044047308533,3,0.6768725725226744,0.6577611060858861,0.04537495358946528,0.1674107517639459,True,True
15,7,998.8746172867739,140.3312322361973,25.273641785961914,1.980403980154507,0.3866277819564928,0.13243162661644997,0.20401600288851343,0.03896512744155924,0.13869478768075386,PARABOLIC,0.058484590390530874,0.022744071613721613,0.016144290865367596,0.002113770027842961,0.02993049669425248,3,0.6768725725226744,0.6577611060858861,0.045408466438037115,0.1674107517639459,True,True
15,8,821.228372806446,185.13363231954477,34.622472899489445,2.2078321368670375,0.4887133743928185,0.10962798260027053,0.20401846040396643,0.039559211307172666,0.1260561532732668,OGIVE,0.050679662064552,0.0212470026674866,0.016144290865367596,0.0020892296919054185,0.02922077648929511,4,0.6768725725226744,0.6577611060858861,0.02307260366398105,0.1674107517639459,True,True
15,9,985.0192473514879,137.20605732179573,24.67642419973368,2.224146587857781,0.37039087258826725,0.1337805199951347,0.20401846040396643,0.03896512744155924,0.13869560851832338,PARABOLIC,0.06464777162528113,0.026151536667660808,0.016144290865367596,0.0020892296919054185,0.03430506873928667,3,0.6768725725226744,0.6462183603197897,0.04537495358946528,0.1674107517639459,True,True
15,10,993.1124695220211,142.08781350511492,25.55729120905779,1.7259010381541706,0.3774863705061063,0.13238698260965945,0.20401846040396643,0.03896512744155924,0.13869425191270857,PARABOLIC,0.05815581329573856,0.022444679066802226,0.016144290865367596,0.0023717696187630713,0.026824310290629257,3,0.7073256977964443,0.6577611060858861,0.04537495358946528,0.1674107517639459,True,True
15,11,961.6301764625656,148.25560289406184,28.78034348648651,2.4063306763977113,0.3652473131025956,0.129987402209654,0.20401846040396643,0.03528811619262796,0.13869301929662228,PARABOLIC,0.05703813912801917,0.020882977556752096,0.01561437371232113,0.0026868886672449296,0.030133926540611554,3,0.6864241065841588,0.5206016371244891,0.045567956387179046,0.1848965221242448,True,True
15,12,994.7900702329467,141.5766977002787,26.046948883057276,1.9256599870308655,0.3703704960354198,0.13211044439933448,0.2040320864994205,0.03887760659903401,0.14313179246677718,PARABOLIC,0.05412392762964612,0.0208829775567521,0.016481223386324392,0.001991119853669241,0.028666925397447203,3,0.6768725725226744,0.5973232546668201,0.045183601608463464,0.17238522358834443,True,True
15,13,996.5165868801872,138.95036410435375,26.88321610228371,1.7781420327382877,0.39725798138772106,0.13226236074349942,0.2029250291771302,0.04,0.13233669546305227,PARABOLIC,0.05435884702912544,0.020882977556752096,0.020656240077708683,0.0020493489097290016,0.028751597819548586,3,0.6514067275804688,0.5871019943276292,0.045183601608463464,0.18437375660500066,True,True
15,14,977.6029407661381,133.75687153459359,25.294642600867594,2.093845854065518,0.3743721355412336,0.13529953051356008,0.20401846040396643,0.04,0.13713166756993136,PARABOLIC,0.06586837073454925,0.0208829775567521,0.016144290865367596,0.002036775266650405,0.028617002226024528,4,0.7259655548988013,0.6010127786498275,0.04518360160846347,0.18018029412978784,True,True
15,15,1000.3236636372261,141.4140332382236,26.811101664254547,1.8284191628001225,0.3711970193535017,0.13275004681570068,0.20401846040396643,0.03896512744155925,0.1397071878644539,PARABOLIC,0.06586837073454925,0.0208829775567521,0.016144290865367596,0.002036775266650405,0.028617002226024528,3,0.7259655548988013,0.5871019943276292,0.04518360160846347,0.18018029412978784,True,True
15,16,955.8781851537865,134.03245263259004,32.62338761846996,2.299919963597845,0.5129762199770067,0.1363493452635027,0.2307778977168147,0.03886109975661005,0.10892282772106769,PARABOLIC,0.05827671702283396,0.024943303571639444,0.016144290865367596,0.002398435784792665,0.027808069805759776,3,0.6853895282902205,0.5850739479148127,0.04778482371782778,0.25236242513365925,True,True
15,17,929.0283459952469,153.783859463922,28.105816000370627,3.264501838293254,0.3571720091592865,0.12761087968790216,0.2040183371350872,0.034557164236083564,0.1424605814979312,PARABOLIC,0.0522934765745774,0.020882977556752096,0.016144290865367596,0.002039334523507119,0.03381687320002268,3,0.7221643103053373,0.6012655680616401,0.045381616507669434,0.1698045859115401,True,True
15,18,995.7970981949175,141.1189933431261,24.876010908912328,1.716138869926023,0.35707438349592135,0.13194655121837562,0.20401846040396643,0.03896512744155925,0.1397071878644539,PARABOLIC,0.0640614757521553,0.0208829775567521,0.016144290865367596,0.0020367752666504047,0.028617002226024528,3,0.6979408415146922,0.5871019943276292,0.04513204153561898,0.16226742512307313,True,True
15,19,994.8369340927313,138.4382858937203,26.821334889324437,1.812344072189235,0.3933196278150855,0.1332050456690314,0.2,0.03896512744155924,0.13869166269100747,OGIVE,0.060291485372924815,0.024161740010656203,0.010445348774184123,0.0021466616581018397,0.02993049669425248,3,0.7048972859067837,0.630297185424002,0.04546002651088161,0.18532362077066059,True,True
15,20,997.5153329048474,140.74621732471104,25.334833716177833,1.9940983633360292,0.3644752589072817,0.1324658550212949,0.20401173734700712,0.03896512744155924,0.13869070976240558,PARABOLIC,0.058267048353699606,0.02249604741634835,0.016144290865367596,0.0021466616581018397,0.030101684624535694,3,0.6768725725226744,0.6577611060858861,0.04536316862190064,0.1674107517639459,True,True
15,21,857.6280441031406,109.8617150967749,20.19118891402833,2.410523326004128,0.3548234700408218,0.15080059376040567,0.23412373831907599,0.03896512744155924,0.13869656144692527,OGIVE,0.06123289028240316,0.02411037166111008,0.015364409014912433,0.0020892296919054185,0.0290495885590119,3,0.6768725725226744,0.6834909665706653,0.06079651890594991,0.17852620859078333,True,True
