Generation,Individual_ID,Fitness,Max_Altitude,Flight_Time,Stability,Drag,Total_Mass,Body_Length,Body_Diameter,Nose_Cone_Length,Nose_Cone_Shape,Fin_Root_Chord,Fin_Tip_Chord,Fin_Sweep,Fin_Thickness,Fin_Height,Fin_Count,Fin_Position,Launch_Lug_Position,Ballast_Mass,Parachute_Diameter,Is_Valid,Simulation_Successful
0,0,-10000.0,0.0,0.0,0.0,0.0,0.0,0.2259031736383716,0.03368211783671039,0.09799710527363453,CONICAL,0.0870943844598204,0.07899278974495418,0.040290455624735245,0.003815574500880535,0.03046520078622094,4,0.38979395044166903,0.22442181000854763,0.016510871683597418,0.522792508140092,True,False
0,1,346.7625851040499,23.78611983348709,4.8580000000000005,6.875808981791327,0.05920937807237998,0.1669920966599293,0.3404926283520373,0.03453440198575816,0.1130145517034605,PARABOLIC,0.07909041734434644,0.07534977424085286,0.041698746383867884,0.0013556017286260019,0.04200883309785247,4,0.5816087799737919,0.43574733788832076,0.07470481627646894,0.278546665221877,True,True
0,2,228.10644461084587,23.805347734334465,4.8580000000000005,11.190064887972083,0.0401149119705022,0.16861389743394914,0.3892806831504194,0.0254697222684439,0.1987228452796021,PARABOLIC,0.05331090178698676,0.03270829000182993,0.0330864374093576,0.0010139489283946797,0.04034234443786918,3,0.4910271185950892,0.3251769836500228,0.06800073500122901,0.4969885169125582,True,True
0,3,769.890383863003,38.13245365567556,15.346473198464507,7.156381589290297,1.3052037233113882,0.13635199505313902,0.4411334497273627,0.03049260772218242,0.11627017638272238,OGIVE,0.06766643062869185,0.06426675370195213,0.03065416362258437,0.0030484758899842986,0.033095964564406076,3,0.5433758569367068,0.20040547951888116,0.0182140660801386,0.5439662848745056,True,True
0,4,788.9691196606453,41.17048865135055,11.658036340240388,6.217972013624562,0.335350713635404,0.13205355640691566,0.2859351227973834,0.029441226228744795,0.17897945078006455,CONICAL,0.030770413661960802,0.014402028291145475,0.0016878757879693607,0.0030947794098288785,0.047161239006299746,3,0.3843277952205034,0.4957552300725044,0.0515085399138391,0.3071399269687871,True,True
0,5,921.2352856006269,60.57102659755858,13.851701578039977,2.9763348062067063,0.24833109572709314,0.10665240956524019,0.34956168583685787,0.036729181068614676,0.16117567812765987,OGIVE,0.10523228249190049,0.03482000820886647,0.07998289790221504,0.0015939553650335374,0.029821844455423234,4,0.39331176872055695,0.3036333857703476,0.010972177188388789,0.18329515296070584,True,True
0,6,803.5515718712352,39.536495981474786,14.83618489802743,5.604328296689485,0.7568309113595864,0.1344142164733576,0.29526883910388063,0.029465373180898317,0.07478792386516028,CONICAL,0.04908521819355158,0.04621141662285137,0.020848431144401276,0.0015666768093440036,0.036415839391183716,3,0.30291705312412837,0.39182409937894885,0.047659997004009344,0.4918473858467911,True,True
0,7,606.1205232023843,29.375549961358253,7.545745900078848,7.8653186516322995,1.0491649107422902,0.15473419075521944,0.38516717709501813,0.024906542736660008,0.17031880315666093,CONICAL,0.08192623229398782,0.03569103403774817,0.03799681717090841,0.003249780799198494,0.020055791848476105,4,0.6627586308644163,0.3816041716087941,0.06628119258806231,0.38550758572633953,True,True
0,8,775.8329782326296,33.05676589256044,11.169389486414827,5.440155912999937,1.515857724550095,0.14634783249289635,0.33392777884329294,0.02699096611709051,0.16193030699049787,PARABOLIC,0.06264731615280536,0.02796235873962003,0.00970941436265201,0.0027260356965070212,0.020719363649659168,4,0.5633172976668053,0.42539060762219083,0.04438418522501726,0.5177835981196995,True,True
0,9,692.9196982108724,99.96688440548141,39.39908525757316,9.140458562623863,0.43278989686392777,0.08277362699223485,0.4699509628505738,0.02440031504889108,0.09441851938723066,OGIVE,0.09599035134592436,0.02430819828712958,0.0863067795975789,0.0010455245249191495,0.027129112054015803,3,0.5957973092187376,0.27048405448778745,0.003643152512274428,0.34208948665413597,True,True
0,10,765.6872538556239,42.01954461268907,16.430194578912793,8.136951024479531,0.8929196938216974,0.1308682553505893,0.4271804133963337,0.02851383136343973,0.07151688282573869,CONICAL,0.03952191344171454,0.02375794539740727,0.03284041922493651,0.00245404674099413,0.023001640792259363,4,0.5096321845998963,0.23417825153503546,0.03911207657128741,0.48352429011102127,True,True
0,11,817.6172592129342,44.06319312765838,20.81533673340026,5.311349384103532,1.1485606528646557,0.12636165289784196,0.4696759360713951,0.03544064312834141,0.08776829240107986,CONICAL,0.06388076162636516,0.01807196878818189,0.00046907670784734814,0.0018438699913362285,0.032121359759128616,3,0.4265656097395336,0.34643725859281815,0.008987565447966422,0.5882009517851003,True,True
0,12,790.3958191535152,37.5977235247322,9.08207520326625,5.045495220983244,0.3085652050246589,0.13571276993804757,0.3737594760530789,0.03521855059343987,0.12251321603713063,PARABOLIC,0.08226280252461174,0.06457821035195353,0.001153113087096449,0.0031095807835857525,0.04704100344078763,4,0.5355622033232756,0.34002276153008165,0.02394563348814499,0.23586824993310299,True,True
0,13,537.2470154744734,26.4436517578907,5.3425600630464425,4.7299391431265105,0.3827721925332626,0.16014498601660265,0.3009659391130449,0.03872717324022509,0.12767758612090924,PARABOLIC,0.05871962830733806,0.03309101113365766,0.019925285609520605,0.003152543104737093,0.04546559343946571,4,0.5119597853741172,0.38755135344626956,0.05915117222626008,0.2405327169856346,True,True
0,14,692.0229653800293,29.547234695850463,8.504091041865415,6.072564330636318,1.2387312493528941,0.15245070767031177,0.4715887901371565,0.03893897195384864,0.12950461243372602,OGIVE,0.062281288057469006,0.03167937162436148,0.03224904869522713,0.002855020431735101,0.03900935515218975,3,0.5801119173118596,0.43279814942175643,0.028511304163992276,0.4538593448973318,True,True
0,15,587.5894921525746,26.630628116799194,6.945100346928856,3.7026877021331797,1.0483955682409645,0.15925296553847543,0.44359671357409325,0.038273823134951215,0.15862571235137712,CONICAL,0.11978672704836049,0.08820713756167801,0.01138037061126561,0.0034155421282950345,0.04578055353129265,4,0.48061414309330386,0.2725839534076924,0.012862410892977714,0.39641616433883503,True,True
0,16,509.01265672349996,26.718737320337844,5.892625347817321,5.868929920099136,0.8839018583182198,0.1605703461701949,0.23158903810276749,0.02615132925917106,0.17819281249878327,PARABOLIC,0.06146337499525339,0.059166923303629236,0.0477274170572284,0.0016447338384358136,0.035137919726691245,3,0.5997587176899193,0.3666801976394617,0.07665107662505999,0.3794003729782467,True,True
0,17,788.9334054309263,35.45628121463949,12.36527022010817,5.170137419803292,1.0747697023679024,0.1401038385645738,0.4064839775748596,0.037283756384205655,0.09314059034645872,OGIVE,0.11220027137753433,0.03675546440348261,0.08893873576838589,0.0021385434776591684,0.0371874245757415,3,0.6907969874810016,0.43200589830583774,0.025574289066053534,0.47977918562890354,True,True
0,18,856.4445649063866,41.0009029227521,10.304312872099318,2.545557691035705,0.3509878082440971,0.13176378288356744,0.3169513606761533,0.03461030682679173,0.12196328293911499,PARABOLIC,0.10578675344689666,0.0777139708785062,0.022077650802020593,0.003122713149232349,0.028467963480796984,3,0.48179345427730036,0.42837783715829286,0.03725217399541769,0.24088667764336713,True,True
0,19,932.554654700366,63.4422426979046,17.3614412626839,3.310957583980874,0.26202471409545697,0.1047478619977074,0.20851499601793821,0.03637196351106896,0.19752122547775502,CONICAL,0.04627705719861376,0.03471863565795157,0.01780731481321611,0.003196920142749975,0.044129525128267816,4,0.5721702650556912,0.4523040813283898,0.013961832053235384,0.2397086697964026,True,True
0,20,686.1287195034088,32.96834692422061,7.958233961036555,9.024214669852602,0.39958784304112127,0.14499360112994616,0.3995936243174718,0.03252927401157914,0.11933469204674642,PARABOLIC,0.06460238471123012,0.04506206971373348,0.002781095369619328,0.001232736661379433,0.054803865979748276,3,0.5211787507228665,0.418127365893469,0.05482065597935314,0.28179930326347,True,True
0,21,763.511979015785,49.46954597602608,22.671557612834693,8.534323651306448,0.7314551208223601,0.11766752156602892,0.4357589070853176,0.038547264941710256,0.08072139085758337,CONICAL,0.03104257282501718,0.029880845454573812,0.0053867880039690915,0.0023754121563899365,0.05903741171363919,4,0.6794535601117397,0.3901409435002711,0.00025530822436754087,0.5233824172011835,True,True
0,22,863.6032899923271,97.68663345414583,28.480218061155664,3.164588951105303,0.3368651605629171,0.08381359695963383,0.268973454715846,0.031383519851899154,0.06454355273444401,PARABOLIC,0.06328407269203801,0.032934374399860154,0.048655504118054194,0.001951499720319689,0.02606672101184756,3,0.522533373124477,0.26528532013166906,0.015459890873481355,0.24037631251724156,True,True
0,23,751.8666103371372,30.087396032907787,7.899889531271007,4.190672141642895,0.8103171722272844,0.1513103285229346,0.28324851374159554,0.03769642192293769,0.10887932771144561,OGIVE,0.0779472094122594,0.07632950848637055,0.0066325981897391055,0.002431339950487059,0.040654290643229125,4,0.6407635909254252,0.2597351654915599,0.04294671465347443,0.3922088373204966,True,True
0,24,475.50058465320103,25.078492885185042,5.361691058011695,3.4254603466259295,0.8247012184664638,0.16431445952340004,0.33722147031016303,0.0330318308971517,0.18636042295592087,OGIVE,0.10826268754702857,0.0940987064915099,0.0029986719059905266,0.0034205522645038996,0.04463324141998774,3,0.3354563857262158,0.20082736355887038,0.04242842205724892,0.32300236146634886,True,True
0,25,848.8176997529949,58.832982936139544,14.478998064027044,6.437490981079807,0.2623842003264943,0.10835780803145996,0.49396653358198206,0.035338825715965604,0.08509803542926694,PARABOLIC,0.051202207848513995,0.04412253830669864,0.02840377360837394,0.0012174947591595908,0.03405640176757266,4,0.34978442232458823,0.36216413003864956,0.01780186093694134,0.2074025126068566,True,True
0,26,817.4892818008652,47.15160463758638,18.153342762276633,6.359668983149502,0.5700107492009204,0.12192725914593125,0.3095054752568418,0.036459086106200245,0.15126811781664326,CONICAL,0.03316371693231783,0.020205738680062438,0.0029061062143392576,0.0027977875805961358,0.05145071398531838,4,0.6735277667989511,0.47751786566729465,0.019427848358725727,0.4358615918534682,True,True
0,27,882.1422559908192,45.994158699747594,12.728322435983477,2.3147157601179496,0.32357329455167033,0.12585583769344558,0.2307078669907835,0.033088758555636234,0.1346285932928627,OGIVE,0.03908640866788066,0.027910859768099136,0.007495607619508108,0.002050229571008362,0.022263037113437925,3,0.4170534199475634,0.43503365873472477,0.04917276442162085,0.27419717812774064,True,True
0,28,861.7224464561687,52.79188677378127,22.000710772160765,4.303349061366163,0.6562546730487235,0.1155868218419415,0.3692686643930523,0.03482849595570306,0.11203413154196573,PARABOLIC,0.06796169413397492,0.05553692838809719,0.06226330735985499,0.0034029656929362344,0.037672565509403046,3,0.5385833884946398,0.3308708312395433,0.004218926759434094,0.4440612189589781,True,True
0,29,864.779698972756,45.12995873600058,14.58185936346636,3.4113342627146994,0.4139028718474375,0.12607881151698844,0.21403074978041922,0.02999517508761072,0.109436312285533,CONICAL,0.0716257374430768,0.05205216292726867,0.0387507233622102,0.002574539959473824,0.0365910400801851,4,0.3614796494294554,0.4194895788210813,0.042991602964044986,0.3533166824965369,True,True
1,0,853.7852279340119,44.33829873940957,10.481636826100285,3.2620055530363596,0.24235669929659384,0.12664745830239252,0.3169513606761533,0.03234247915053143,0.12196328293911499,CONICAL,0.10578675344689666,0.09115267035419097,0.022077650802020593,0.003122713149232349,0.032523672101344894,3,0.4721337458566629,0.45517395363951163,0.03725217399541769,0.2101121036340489,True,True
1,1,872.9159466612197,59.02724492068587,25.564198748490174,4.05395756374722,0.6321507737474983,0.109669210934915,0.3595230249363812,0.03319798857028049,0.11203413154196573,PARABOLIC,0.06796169413397492,0.045173828524833724,0.060677339775055156,0.0034029656929362344,0.033616856888855136,3,0.4591482074179813,0.24497638256356546,0.004218926759434094,0.4440612189589781,True,True
1,2,849.5223839787316,96.58119452617244,28.111996601426636,4.1235518563319955,0.3498840042981103,0.08442349995259707,0.3064787754630406,0.03001923324408,0.06454355273444401,PARABOLIC,0.06328407269203801,0.032934374399860154,0.04210753910181493,0.0018103074206501984,0.02606672101184756,3,0.522533373124477,0.2509221300108955,0.015459890873481355,0.24037631251724156,True,True
1,3,863.6032899923271,97.68663345414583,28.480218061155664,3.164588951105303,0.3368651605629171,0.08381359695963383,0.268973454715846,0.031383519851899154,0.06454355273444401,PARABOLIC,0.06328407269203801,0.032934374399860154,0.048655504118054194,0.001951499720319689,0.02606672101184756,3,0.522533373124477,0.26528532013166906,0.015459890873481355,0.24037631251724156,True,True
1,4,863.6032899923271,97.68663345414583,28.480218061155664,3.164588951105303,0.3368651605629171,0.08381359695963383,0.268973454715846,0.031383519851899154,0.06454355273444401,PARABOLIC,0.06328407269203801,0.032934374399860154,0.048655504118054194,0.001951499720319689,0.02606672101184756,3,0.522533373124477,0.26528532013166906,0.015459890873481355,0.24037631251724156,True,True
1,5,893.8729815912423,53.994474610807536,20.771790993203304,3.139368285834309,0.5588311167159093,0.11428044776554791,0.29034206320936184,0.0366540651294576,0.16117567812765987,OGIVE,0.10523228249190049,0.02186883187974533,0.07998289790221504,0.0015939553650335374,0.029821844455423234,4,0.5991488960298773,0.2993237422989757,0.010972177188388789,0.3974493503717006,True,True
1,6,811.039182116117,49.12980538724073,12.165393231717006,6.522099743242388,0.23589473595928356,0.11927272979876187,0.3687250978843379,0.03653420204535732,0.15126811781664326,OGIVE,0.030453128286876352,0.030453128286876352,0.006017861478536828,0.0027977875805961358,0.05145071398531838,4,0.46769063948963074,0.48182750913866657,0.019427848358725727,0.22170739444247337,True,True
1,7,921.2352856006269,60.57102659755858,13.851701578039977,2.9763348062067063,0.24833109572709314,0.10665240956524019,0.34956168583685787,0.036729181068614676,0.16117567812765987,OGIVE,0.10523228249190049,0.03482000820886648,0.07998289790221504,0.0015939553650335374,0.029821844455423234,4,0.39331176872055695,0.3036333857703476,0.010972177188388789,0.18329515296070584,True,True
1,8,921.2352856006269,60.57102659755858,13.851701578039977,2.9763348062067063,0.24833109572709314,0.10665240956524019,0.34956168583685787,0.036729181068614676,0.16117567812765987,OGIVE,0.10523228249190049,0.03482000820886648,0.07998289790221504,0.0015939553650335374,0.029821844455423234,4,0.39331176872055695,0.3036333857703476,0.010972177188388789,0.18329515296070584,True,True
1,9,795.7168281125695,43.71345665219529,15.667922886023591,6.847747257625149,0.7293879147360175,0.1275548320586525,0.4411334497273627,0.03049260772218242,0.15416750448212346,OGIVE,0.06766643062869185,0.06426675370195213,0.03065416362258437,0.0031616272697071613,0.030153640444326637,4,0.5433758569367068,0.20040547951888116,0.015130068099142056,0.40628919156552673,True,True
1,10,914.0644972887713,58.49451431785685,19.641665896143124,3.094658253560458,0.42978247890750026,0.10936089181948251,0.34956168583685787,0.036729181068614676,0.12327835002825879,OGIVE,0.10523228249190049,0.03482000820886647,0.07998289790221504,0.0014808039853106748,0.03276416857550267,3,0.39331176872055695,0.3036333857703476,0.014056175169385336,0.32097224626968474,True,True
1,11,882.9983494364533,53.75043481988017,16.396928709659946,4.198203170285538,0.40326068203917753,0.11368146820092598,0.3737594760530789,0.03521855059343987,0.12251321603713063,CONICAL,0.08993511445825844,0.06457821035195353,0.0,0.0031095807835857525,0.04704100344078763,3,0.5355622033232756,0.34002276153008165,0.009740583393396235,0.28981035853678366,True,True
1,12,961.4729365807519,74.70232484324305,20.96679034818052,3.118682801923669,0.28781562996998594,0.09709762681383774,0.2,0.0315622771053687,0.19752122547775502,CONICAL,0.051623144552609954,0.03478357566225468,0.0,0.003196920142749975,0.03828397816350285,4,0.47686805800744747,0.20729111754311225,0.013961832053235384,0.2397086697964026,True,True
1,13,949.0592028848554,66.956257978607,15.404014344841217,2.942922333047117,0.2733820957437721,0.10097455019922245,0.34956168583685787,0.036729181068614676,0.16246712689944773,CONICAL,0.0998861951379043,0.027699703898690184,0.0998861951379043,0.0015939553650335374,0.029039856788075153,4,0.39331176872055695,0.5206950998192934,0.012705265066447972,0.18329515296070584,True,True
1,14,846.8677330911419,58.27750416026906,14.3460658838584,6.4172557398003125,0.26744258092179907,0.10891192671386968,0.49492682529343274,0.035338825715965604,0.08509803542926694,PARABOLIC,0.06403749907214687,0.04803974387199207,0.02840377360837394,0.0012174947591595908,0.034579100046180006,4,0.34978442232458823,0.37664146093305534,0.017254272131838375,0.2074025126068566,True,True
1,15,921.0510624971117,61.78258323116394,14.080576511230216,3.230063034195021,0.2491472468279496,0.10591621674341949,0.3486013941254072,0.036729181068614676,0.16117567812765987,OGIVE,0.09239699126826761,0.030902802643573042,0.07998289790221504,0.0015939553650335374,0.029299146176815886,4,0.39331176872055695,0.2891560548759418,0.011519765993491752,0.18329515296070584,True,True
1,16,880.2319513587544,53.602422857035094,12.14533321127958,3.792184184661288,0.2283315086486927,0.11340993210172959,0.3582874702487595,0.036729181068614676,0.16117567812765987,OGIVE,0.12,0.03482000820886647,0.07998289790221504,0.0015939553650335374,0.03911253225085942,4,0.39331176872055695,0.3392793475025607,0.01303161799943463,0.18329515296070584,True,True
1,17,890.0032507146483,61.5926044128241,27.058075995761257,3.321780507748242,0.6047692169913718,0.10689000746983497,0.36054287998115064,0.03482849595570306,0.11203413154196573,PARABOLIC,0.05116784093901201,0.05116784093901201,0.05116784093901201,0.0034029656929362344,0.028381877713966854,3,0.5385833884946398,0.2952248695073302,0.0021594859483882543,0.4440612189589781,True,True
1,18,790.0792121084858,105.38523053825666,29.682955831672327,5.337107900960206,0.3856987155039356,0.07812328384264651,0.4699509628505738,0.026814590083152543,0.09441851938723066,CONICAL,0.09737647019832471,0.029649308226779296,0.0863067795975789,0.0011471526032416665,0.024960659921309324,4,0.2741136917307262,0.27048405448778745,0.003643152512274428,0.2247555828965425,True,True
1,19,832.5707650651818,52.02885776232309,17.001763912939307,6.437031164654291,0.4313185932779568,0.11602336175809312,0.49396653358198206,0.03723990015348823,0.08509803542926694,OGIVE,0.04981608899611365,0.04744742973185809,0.02840377360837394,0.0010818605713302024,0.030661550132682097,3,0.6714680398125996,0.36216413003864956,0.01780186093694134,0.3247364163644501,True,True
1,20,883.104672737833,49.829402983248194,16.326768609690873,3.5497079673082417,0.39629147131449227,0.11910782463931574,0.20851499601793821,0.03637196351106896,0.19752122547775502,CONICAL,0.046495745092923355,0.03471863565795157,0.01780731481321611,0.003196920142749975,0.04726698514056282,4,0.5721702650556912,0.3981617773872985,0.021203429424092264,0.33805536902918304,True,True
1,21,831.4339618570373,48.023663390488935,17.010172399413594,5.836783942793199,0.44478022298620584,0.122214991823727,0.29526883910388063,0.029465373180898317,0.09324715183764931,CONICAL,0.04515293290318745,0.04515293290318745,0.020848431144401276,0.0019769786138960463,0.036415839391183716,4,0.30291705312412837,0.4459664033200401,0.04041839963315246,0.38620385638946864,True,True
1,22,762.0537776605155,47.70589918640867,21.466472998197734,8.5585558474887,0.8079865416593537,0.11983717120069502,0.4357589070853176,0.038547264941710256,0.08072139085758337,CONICAL,0.03688316960930157,0.03688316960930157,0.0053867880039690915,0.0023754121563899365,0.05903741171363919,4,0.6794535601117397,0.3901409435002711,0.0,0.5233824172011835,True,True
2,0,861.7502079943688,53.527739578927125,16.254203958095538,5.224311314983406,0.3567718538273258,0.11327348009716229,0.3737594760530789,0.03744194557904801,0.1305746956633919,OGIVE,0.08959410980034178,0.06457821035195353,0.0,0.001516364044301705,0.05539016277473967,3,0.5355622033232756,0.34002276153008165,0.009740583393396235,0.28981035853678366,True,True
2,1,983.3652158730858,70.93821014548615,16.291382294057183,1.7360081825555436,0.2786203205247529,0.09875871746276879,0.3486013941254072,0.034505786083006536,0.1531141985013986,CONICAL,0.09273799592618427,0.030902802643573042,0.07998289790221504,0.003187172104317585,0.020949986842863852,4,0.39331176872055695,0.2891560548759418,0.011519765993491752,0.18329515296070584,True,True
2,2,921.2352856006269,60.57102659755858,13.851701578039977,2.9763348062067063,0.24833109572709314,0.10665240956524019,0.34956168583685787,0.036729181068614676,0.16117567812765987,OGIVE,0.10523228249190049,0.03482000820886648,0.07998289790221504,0.0015939553650335374,0.029821844455423234,4,0.39331176872055695,0.3036333857703476,0.010972177188388789,0.18329515296070584,True,True
2,3,891.1288520948124,56.39835410300792,12.82367228210359,3.8416341724591145,0.2329171764773527,0.11058669083853752,0.34956168583685787,0.036729181068614676,0.17912102563067317,OGIVE,0.10523228249190049,0.024915939359869292,0.07998289790221504,0.0015458376183950819,0.03783201872505158,4,0.36326737937842585,0.3036333857703476,0.010972177188388789,0.18329515296070584,True,True
2,4,941.1936632769055,59.9953080169731,13.18110792588919,1.937680440203736,0.21936461339995858,0.10793253311713757,0.2,0.038480810060748515,0.19752122547775502,OGIVE,0.05056095323505455,0.03478357566225468,0.0,0.003196920142749975,0.032001375751586326,4,0.4780127539063291,0.28029834876610316,0.01331648048870488,0.17352430793334794,True,True
2,5,877.5259357211642,70.66892352567369,20.394872672386356,6.7685369399209545,0.33426410535726814,0.09912306544399846,0.4156767753973462,0.02981064811323486,0.16117567812765987,CONICAL,0.09345918258582303,0.030902802643573042,0.07998289790221504,0.0015939553650335374,0.03558174858873242,4,0.39216707282167534,0.21614882365295093,0.012165117558022255,0.24947951482376052,True,True
2,6,880.6003021176011,71.84957591298398,26.55417911000159,5.575946725917741,0.47169998132121727,0.09798463778412755,0.38964389552248535,0.03319798857028049,0.11203413154196573,CONICAL,0.05437345037533791,0.045173828524833724,0.05437345037533791,0.0031605116557314964,0.037360445093741035,3,0.5898938732718009,0.24497638256356546,0.004218926759434094,0.34125140581432006,True,True
2,7,-10000.0,49.829402983248194,16.326768609690873,3.5497079673082417,0.39629147131449227,0.11910782463931574,0.2,0.03637196351106896,0.19752122547775502,PARABOLIC,0.06008398885156036,0.03471863565795157,0.01780731481321611,0.003811166816532393,0.043523396935676924,4,0.44142459920187166,0.3981617773872985,0.02253498076491285,0.4408651821738411,True,False
2,8,907.7917259124267,63.693135022497835,25.904182085971087,3.008157953280383,0.5153307735243552,0.10445017950042171,0.29034206320936184,0.0366540651294576,0.16117567812765987,CONICAL,0.10523228249190049,0.02186883187974533,0.07998289790221504,0.0015939553650335374,0.029821844455423234,4,0.6044621000227806,0.42754440927255544,0.007666322492198264,0.3974493503717006,True,True
2,9,865.9309760604119,44.142687125229266,14.11901858433041,3.0991803954311004,0.42747340824664926,0.12768234705114084,0.21403074978041922,0.02999517508761072,0.109436312285533,OGIVE,0.0716257374430768,0.05205216292726867,0.0387507233622102,0.002574539959473824,0.0365910400801851,3,0.35616644543655207,0.39564887598983856,0.04488657449611358,0.3533166824965369,True,True
2,10,921.2352856006269,60.57102659755858,13.851701578039977,2.9763348062067063,0.24833109572709314,0.10665240956524019,0.34956168583685787,0.036729181068614676,0.16117567812765987,OGIVE,0.10523228249190049,0.03482000820886647,0.07998289790221504,0.0015939553650335374,0.029821844455423234,4,0.39331176872055695,0.3036333857703476,0.010972177188388789,0.18329515296070584,True,True
2,11,879.2539537955007,57.871002780644815,13.149869444505168,4.492220822607152,0.22770196534511128,0.1089530908363258,0.34956168583685787,0.035722885317267666,0.16117567812765987,OGIVE,0.10523228249190049,0.029645816675675594,0.07998289790221504,0.0015939553650335374,0.04452798950166877,4,0.39331176872055695,0.3036333857703476,0.010972177188388789,0.18329515296070584,True,True
2,12,955.5422564065757,68.05685446503938,15.635677833493018,2.845644132743211,0.273835095379961,0.10032528301626668,0.34956168583685787,0.036729181068614676,0.16246712689944773,CONICAL,0.0987871309579217,0.02768879352120027,0.0987871309579217,0.001562937292160795,0.027436603872342452,4,0.39331176872055695,0.3762142459447648,0.012705265066447972,0.18329515296070584,True,True
2,13,911.6267214942716,57.601151020313374,19.267414079168702,3.144849388827948,0.4295665761723318,0.10990564593497001,0.34956168583685787,0.036729181068614676,0.12327835002825879,OGIVE,0.10633134667188308,0.03483091858635639,0.07041672057404481,0.0015118220581834172,0.034367421491235374,3,0.39331176872055695,0.4481142396448762,0.014056175169385336,0.32097224626968474,True,True
2,14,889.4695075272086,53.89667397383789,12.948859778601598,3.289072947442739,0.2699879922843001,0.11374289781600268,0.35076847526601856,0.03637196351106896,0.17359227608617245,CONICAL,0.09669370119053099,0.03471863565795157,0.09669370119053099,0.003196920142749975,0.031703148896712094,4,0.5721702650556912,0.44869367315833264,0.013961832053235384,0.20216364164201706,True,True
2,15,965.127793982859,78.15208869397894,20.821464605379813,2.8248663595236407,0.2836196033614489,0.09321165697970785,0.20730820658877755,0.036729181068614676,0.1863960762910303,CONICAL,0.04946955114598706,0.027699703898690184,0.005306054375375827,0.0015939553650335374,0.04146623301963088,4,0.39331176872055695,0.5243055079893506,0.012705265066447972,0.22084018111509138,True,True
2,16,913.0774375690465,53.91285533016821,14.3456548891092,2.3906725532433235,0.2734552281324963,0.11396719887114258,0.20851499601793821,0.03670086062875562,0.19752122547775502,CONICAL,0.08340599840717529,0.03475461070427838,0.05673233277291168,0.00340712761241643,0.04463374486412965,4,0.5721702650556912,0.4523040813283898,0.013961832053235384,0.2397086697964026,True,True
2,17,913.0584068991398,65.20673987879623,14.946511887169645,4.364614772804125,0.2438679055676752,0.10275883463545799,0.34956168583685787,0.036400283950928015,0.16117567812765987,OGIVE,0.04431411063948086,0.034784033162539675,0.041057879942519464,0.0015939553650335374,0.03299844203635888,4,0.39331176872055695,0.3036333857703476,0.010972177188388789,0.18329515296070584,True,True
2,18,921.0510624971117,61.78258323116394,14.080576511230216,3.230063034195021,0.2491472468279496,0.10591621674341949,0.3486013941254072,0.036729181068614676,0.16117567812765987,OGIVE,0.09239699126826761,0.030902802643573042,0.07998289790221504,0.0015939553650335374,0.029299146176815886,4,0.39331176872055695,0.28915605487594176,0.011519765993491752,0.18329515296070584,True,True
2,19,880.8559639755833,52.558013448824454,15.898086761325894,4.089235791089055,0.42262552481305793,0.11540546713978687,0.4038907396563087,0.036729181068614676,0.16117567812765987,OGIVE,0.09239699126826761,0.030902802643573042,0.07998289790221504,0.0015939553650335374,0.029299146176815886,4,0.39331176872055695,0.28915605487594176,0.011519765993491752,0.28924627924208524,True,True
2,20,885.0038965008356,55.65735546695311,12.596558070683642,3.9809524430857404,0.2232716609331622,0.11153262176934553,0.3509931769831768,0.036729181068614676,0.13984743428183266,PARABOLIC,0.09837313530508336,0.03482000820886648,0.09176495457623272,0.0015939553650335374,0.04020074428736769,4,0.3251393385544813,0.3069761305291649,0.01643648496422395,0.18329515296070584,True,True
2,21,851.6380781499256,47.293595848892764,12.19769946367888,4.19701550122228,0.3129369902130824,0.1219949857916143,0.37232798490676,0.03521855059343987,0.14384145988295782,OGIVE,0.08912194971142887,0.06457821035195353,0.0,0.0031095807835857525,0.03666210360884318,3,0.6037346334893513,0.29241359259196786,0.018481325712309832,0.23586824993310299,True,True
2,22,887.161769030482,59.280025112650826,18.528710749302107,4.791515166359703,0.3752399108272951,0.108279658727469,0.37224175465892195,0.03329501118919846,0.12251321603713063,CONICAL,0.08993511445825844,0.0400930952917746,0.010347129140984178,0.0032574921244735936,0.04704100344078763,3,0.5355622033232756,0.30008205582676123,0.009740583393396235,0.28981035853678366,True,True
2,23,878.3445381953595,55.893008635754455,24.803475719609683,3.420235973770311,0.6902001429447318,0.11197824431698214,0.3579688733141533,0.03512152797452189,0.11203413154196573,CONICAL,0.06796169413397492,0.06796169413397492,0.051264797527485306,0.0032550543520483933,0.033616856888855136,3,0.4591482074179813,0.17807422411770407,0.004218926759434094,0.4655990342824112,True,True
3,0,982.9658277623283,70.83542673992667,16.55829744733794,2.003241658667717,0.2520107195076537,0.09909550028428005,0.20730820658877755,0.036729181068614676,0.17694810665653862,OGIVE,0.05133914591360219,0.027699703898690184,0.005306054375375827,0.0030205488393823875,0.03623467510303165,3,0.39331176872055695,0.4982384962772421,0.012016292315879697,0.18729617909453405,True,True
3,1,986.5033715077775,73.05555220469387,16.841121449448643,2.190411712141872,0.2813245376130736,0.09714717293292215,0.3486013941254072,0.034505786083006536,0.1796861606524835,CONICAL,0.09273799592618427,0.030902802643573042,0.07998289790221504,0.0017605786299687348,0.020949986842863852,4,0.39331176872055695,0.3152230665880503,0.012208738744060027,0.18329515296070584,True,True
3,2,961.9224460597467,65.66324803915448,14.965403235473763,1.4880460386968926,0.2593866415127535,0.10343141574903332,0.33948855684995394,0.034505786083006536,0.1531141985013986,OGIVE,0.09273799592618427,0.030902802643573042,0.07998289790221504,0.003187172104317585,0.02,4,0.39331176872055695,0.2891560548759418,0.011519765993491752,0.18329515296070584,True,True
3,3,928.0224903996566,61.29954450771356,14.005002331860883,2.7870839214365315,0.2599964509822687,0.10599844899151663,0.34956168583685787,0.03658448980005417,0.16117567812765987,OGIVE,0.10523228249190049,0.034822521309688464,0.022124995778104242,0.0015939553650335374,0.028424037720020078,4,0.39331176872055695,0.3036333857703476,0.010972177188388789,0.18329515296070584,True,True
3,4,905.1929564034475,61.412924239178956,14.05827697848364,3.957856297408542,0.2516545463564856,0.10641942570485864,0.3576000604619116,0.036544975219488525,0.16117567812765987,OGIVE,0.06067241651152701,0.03478152006171769,0.04431411063948086,0.0021314235624089488,0.03073037417155939,4,0.39331176872055695,0.3036333857703476,0.010972177188388789,0.18329515296070584,True,True
3,5,965.127793982859,78.15208869397894,20.821464605379813,2.8248663595236407,0.2836196033614489,0.09321165697970785,0.20730820658877755,0.036729181068614676,0.1863960762910303,CONICAL,0.049469551145987056,0.027699703898690184,0.005306054375375827,0.0015939553650335374,0.04146623301963088,4,0.39331176872055695,0.5243055079893506,0.012705265066447972,0.2208401811150914,True,True
3,6,965.127793982859,78.15208869397894,20.821464605379813,2.8248663595236407,0.2836196033614489,0.09321165697970785,0.20730820658877755,0.036729181068614676,0.1863960762910303,CONICAL,0.049469551145987056,0.027699703898690184,0.005306054375375827,0.0015939553650335374,0.04146623301963088,4,0.39331176872055695,0.5243055079893506,0.012705265066447972,0.2208401811150914,True,True
3,7,982.6542685553711,76.89558993293336,17.1128410994114,0.8562012003946393,0.27564302552915626,0.09437089822867448,0.2,0.03902669584795261,0.17064428567942683,CONICAL,0.0613540980167374,0.03478357566225468,0.0,0.0031999200616665783,0.02203656554953544,4,0.450861877961579,0.2928155784507745,0.013183428186093917,0.17352430793334794,True,True
3,8,916.1532996945299,58.649452503927826,13.303093518715079,2.805510803782797,0.2448987924084844,0.10944460737561656,0.3486013941254072,0.03395990029580244,0.1531141985013986,OGIVE,0.08194485114450142,0.030902802643573042,0.07994094427505614,0.004,0.027470209899472374,4,0.46386438961694276,0.29816607255417255,0.011652818296102716,0.18329515296070584,True,True
3,9,947.0859214315122,66.91752112485665,15.36815844479321,3.0280803456294034,0.2694639588827335,0.10128604784661173,0.34956168583685787,0.036729181068614676,0.11172733898396156,OGIVE,0.10090946047976637,0.027699703898690184,0.0998861951379043,0.001490455287195804,0.029039856788075153,4,0.39331176872055695,0.42380443177127936,0.014348873173626916,0.18329515296070584,True,True
3,10,909.4832827547784,58.60000722226546,19.64788826931483,3.33972530450181,0.44067599794406814,0.10913905496462284,0.34956168583685787,0.036729181068614676,0.17401813794374496,CONICAL,0.10530808133002101,0.03483091858635639,0.07041672057404481,0.0016153221360211503,0.034367421491235374,3,0.39331176872055695,0.5450049076928902,0.01241256706220639,0.32097224626968474,True,True
3,11,874.2389207003946,51.81335970867323,15.594857105697189,4.237312467952947,0.4176396921846972,0.11638630472437574,0.4038907396563087,0.03624964925585833,0.16117567812765987,OGIVE,0.09239699126826761,0.030902802643573042,0.07996221690574151,0.0015939553650335374,0.030488105978182276,4,0.39331176872055695,0.28915605487594176,0.013016678794621525,0.28924627924208524,True,True
3,12,941.6281321037904,61.29225720452132,13.476026722475119,1.8717152233136536,0.22225457111760835,0.10670135390052468,0.2,0.03896034187350486,0.19752122547775502,OGIVE,0.05056095323505455,0.03478357566225468,2.068099647351992e-05,0.003196920142749975,0.030812415950219937,4,0.4780127539063291,0.28029834876610316,0.011819567687575108,0.17352430793334794,True,True
3,13,853.4897627761126,55.50222716942897,14.865825957113238,5.734757038853551,0.2848941381586806,0.1122680368239671,0.3247332613681841,0.033704345455112784,0.18051731131894921,CONICAL,0.06586624646985512,0.029847646520839148,0.01780731481321611,0.003196920142749975,0.04798114401761321,4,0.6191462911043876,0.3514489421789265,0.013961832053235384,0.2397086697964026,True,True
3,14,996.16344135449,76.67415043012639,15.600093085561754,1.514334664022757,0.25151361358094443,0.0940692132895633,0.23238312877516132,0.03717340413896271,0.1531141985013986,CONICAL,0.07314880665494292,0.030902802643573042,0.07314880665494292,0.003187172104317585,0.02863596600679874,4,0.3463357426718606,0.49048365806467303,0.011519765993491752,0.151607229943859,True,True
3,15,925.9100130167905,74.7427231850653,29.298907866859878,3.236127640983611,0.4687876258505928,0.09462719929836817,0.29034206320936184,0.0366540651294576,0.15163697348669072,CONICAL,0.10523228249190049,0.02186883187974533,0.07998289790221504,0.0015939553650335374,0.036769001579590864,4,0.561668269477625,0.42754440927255544,0.0,0.35946533040475054,True,True
3,16,939.6360775593093,58.58552187704636,17.560187864350254,2.15985013282388,0.3280520759347673,0.1092222724894443,0.2,0.03670086062875562,0.18834202439336367,CONICAL,0.08000000000000002,0.030018682493306824,0.05673233277291168,0.00340712761241643,0.03768658773996202,4,0.6149640956008467,0.3809615124101078,0.013961832053235384,0.27769268976335265,True,True
3,17,987.9297687256177,74.09691785726513,17.51730572074059,2.2900932449110303,0.24658558790061985,0.096423117747851,0.20606361293409328,0.036729181068614676,0.1945061083599913,CONICAL,0.05094261318610696,0.03053563946194361,0.006310642606431827,0.002449610140843555,0.03315252797894965,4,0.39331176872055695,0.22154532408223684,0.014450882031095064,0.18941863037038215,True,True
3,18,929.2925333068572,61.537708349383394,13.491242511907004,2.6601704676446323,0.20563967220053858,0.10641203146366662,0.2078871499068253,0.038480810060748515,0.19752122547775502,OGIVE,0.050461440496852486,0.028882046927106022,0.0,0.002341265366939957,0.03839756170596353,4,0.4780127539063291,0.4084556663965919,0.01331648048870488,0.17352430793334794,True,True
3,19,929.3718897900832,63.906565224748476,16.135359344266327,3.5460300217199805,0.3088649713294707,0.10397286267739245,0.35076847526601856,0.03660860850595674,0.17634066820668712,CONICAL,0.08825126826907255,0.016817755944880313,0.08825126826907255,0.0031969201427499744,0.031703148896712094,4,0.5721702650556912,0.5375149958860935,0.006692539955498266,0.21246412858824995,True,True
3,20,895.5165683164437,54.41975143927084,13.892332608296424,3.2613106295145733,0.25209104110804414,0.11348474113629964,0.20851499601793821,0.03755894646513773,0.1945289376854142,PARABOLIC,0.04770857763229449,0.03471863565795157,0.022776744849826853,0.0031969201427499744,0.044129525128267816,4,0.5721702650556912,0.478744916750876,0.013961832053235384,0.2258782476015753,True,True
3,21,941.3334785708973,69.30301899934337,14.589584798163958,3.55141833108827,0.24771556893877364,0.0988812784403173,0.34956168583685787,0.036729181068614676,0.16246712689944773,CONICAL,0.1003713984285102,0.03775954353794655,0.0987871309579217,0.0015853400194768043,0.03107231181863441,4,0.5022301914103346,0.3762142459447648,0.010241313207460483,0.16007152157779297,True,True
3,22,910.8041051544848,59.197328230173405,13.471536025915599,3.1965375134695977,0.2441279452777269,0.10825493652350641,0.34956168583685787,0.036729181068614676,0.16117567812765987,OGIVE,0.10364801502131202,0.024749258192120198,0.07998289790221504,0.0015715526377175282,0.029821844455423234,4,0.39331176872055695,0.3036333857703476,0.013436129047376275,0.18329515296070584,True,True
4,0,950.1951534569762,64.17454263446929,13.253616155212384,1.2372980433960552,0.21878862263428087,0.10459354395372696,0.33948855684995394,0.034505786083006536,0.1531141985013986,OGIVE,0.09273799592618427,0.030902802643573042,0.07939143058070039,0.003813483399786115,0.02,4,0.39331176872055695,0.2891560548759418,0.011519765993491752,0.15756235722546608,True,True
4,1,998.6556730017504,75.6504980671484,17.384591087248957,2.0085122125829225,0.2742286190744801,0.09595667398172081,0.2558399084381726,0.034505786083006536,0.1852010739479517,PARABOLIC,0.10178666284831044,0.023347093277032806,0.07998289790221504,0.0012606197058193053,0.02720255160752644,3,0.4693124568980083,0.20227117848344273,0.011974331582881442,0.1821265018958417,True,True
4,2,936.5827181374747,68.95862672350455,18.152747952625006,3.983781562568972,0.2904043944036596,0.09998234369089978,0.3000696922760121,0.036729181068614676,0.1808811629955621,CONICAL,0.04946955114598706,0.030422807482592934,0.005306054375375827,0.0018122018617143273,0.035213668254968286,4,0.39331176872055695,0.5795920779481675,0.012939672227626556,0.2220088321799555,True,True
4,3,833.7846412577354,51.9734487617791,13.017064974531907,6.02155244918703,0.2530181471955629,0.11564310931070254,0.4017799049554123,0.03666422181950943,0.1863960762910303,PARABOLIC,0.0525770927920686,0.02044118823662051,0.049469551145987056,0.0015939553650335374,0.04524824190114493,4,0.3541106449955953,0.5235637310216172,0.012705265066447972,0.2208401811150914,True,True
4,4,942.8047931532182,87.40929988290615,22.932535054137702,1.6146256750379755,0.3298040022398042,0.08744925017965252,0.2,0.03667356775506199,0.173072507757701,CONICAL,0.08000000000000002,0.01882959126133996,0.03416870158378515,0.002573071417986351,0.027921140015198038,4,0.6113713887806529,0.5382567728538269,0.006692539955498266,0.21246412858824995,True,True
4,5,931.8645676374125,59.72983561721092,13.841694700503952,2.3049818045215265,0.22770668696740265,0.10899842216165798,0.23003442369998778,0.036729181068614676,0.1945061083599913,PARABOLIC,0.05094261318610696,0.03053563946194361,0.006310642606431827,0.002449610140843555,0.03315252797894965,3,0.39331176872055695,0.22154532408223684,0.019614518904100927,0.18941863037038215,True,True
4,6,926.3929324406761,87.1097874033592,23.619453932355157,2.732420051446262,0.3141706292294095,0.0868926201567904,0.20459638034175556,0.036729181068614676,0.1863960762910303,CONICAL,0.04946955114598706,0.027699703898690184,0.0016373382040589077,0.0015939553650335374,0.04468415640743521,4,0.39331176872055695,0.5243055079893506,0.006060285426563602,0.22084018111509138,True,True
4,7,909.0011582187581,83.75467995183115,25.657985787234516,3.744621710288697,0.32601067503852,0.08964899243482648,0.22197557621960426,0.036729181068614676,0.1863960762910303,CONICAL,0.04335137414313302,0.03121465331584543,0.005306054375375827,0.0011992960361270893,0.04146623301963088,4,0.502486410611708,0.4780022441847595,0.007890601247678122,0.26046415231071596,True,True
4,8,989.782910107081,74.62592488583333,17.65036233794444,2.284197103592621,0.2502736776388272,0.096147389883572,0.20677886308540372,0.036729181068614676,0.1945061083599913,CONICAL,0.05094261318610696,0.027514653188142293,0.006310642606431827,0.002449610140843555,0.03315252797894965,4,0.39331176872055695,0.22154532408223684,0.014450882031095064,0.18941863037038215,True,True
4,9,945.7671991454182,67.13144972042596,15.410431577855734,3.137569095362885,0.2685169059076061,0.10097455019922245,0.34956168583685787,0.036729181068614676,0.16246712689944773,CONICAL,0.0998861951379043,0.027699703898690184,0.03558637403346673,0.0015939553650335374,0.029039856788075153,4,0.39331176872055695,0.5206950998192934,0.012705265066447972,0.18329515296070584,True,True
4,10,972.359057403595,69.95992323871177,17.05803740653712,2.3899597021480785,0.25223746067373226,0.09957324463096136,0.20606361293409328,0.036729181068614676,0.1945061083599913,CONICAL,0.05094261318610696,0.04592492851750066,0.05094261318610696,0.002449610140843555,0.03315252797894965,4,0.39331176872055695,0.22154532408223684,0.015498791521026163,0.19966371209842346,True,True
4,11,881.6903816734691,61.1216388405219,13.913533154517022,5.056364805972224,0.22933960724963395,0.10648611580937187,0.3486013941254072,0.03435756866519566,0.18288164644228125,OGIVE,0.09044925375097354,0.024340098205728335,0.07998289790221504,0.0013974733873356223,0.039203495780113735,4,0.39331176872055695,0.3152230665880503,0.012208738744060027,0.18329515296070584,True,True
4,12,955.0196191586728,84.11075358597618,22.5845391924069,1.5828310748060903,0.32140128208176894,0.09012610943982642,0.20730820658877755,0.03687739848642555,0.18320059050123255,CONICAL,0.049469551145987056,0.0297960687783723,0.005306054375375827,0.0015939553650335374,0.023212724082380995,4,0.39331176872055695,0.5243055079893506,0.012705265066447972,0.2208401811150914,True,True
4,13,960.3208038443904,70.24360747857997,19.153174795268207,2.807701764375416,0.2665945139842878,0.09870616716975789,0.2,0.036729181068614676,0.1863960762910303,CONICAL,0.05130473093678509,0.0236048763766882,0.004394758233850728,0.002599910193524832,0.04714010746226413,4,0.4868046688753129,0.20258697719035598,0.012705265066447972,0.23254451045771402,True,True
4,14,952.1933677111641,83.075357968347,17.699342771175257,0.7543436348339625,0.27879078180307565,0.09025776306473096,0.2,0.03902669584795261,0.17064428567942683,CONICAL,0.059518918225939375,0.03234809314529126,0.0,0.0021939652331752837,0.02,4,0.450861877961579,0.6145341092497691,0.013183428186093917,0.16181997859072533,True,True
4,15,996.2912006887082,76.57332811481885,15.549396573994832,1.8172442371897295,0.25387855240800533,0.094505226599925,0.23238312877516132,0.03717340413896271,0.17172173990799114,CONICAL,0.05928232778384655,0.030902802643573042,0.05928232778384655,0.0032178764949973063,0.02863596600679874,4,0.35425458679809496,0.4857425128128272,0.011519765993491752,0.151607229943859,True,True
4,16,968.7564159445586,79.21394308240966,21.158132780632283,2.401883448779228,0.2895127225662732,0.09228130819499217,0.20730820658877755,0.036729181068614676,0.16778853488443776,CONICAL,0.06333603001708342,0.027699703898690184,0.005306054375375827,0.0015632509743538161,0.04146623301963088,4,0.3853929245943226,0.5290466532411965,0.012705265066447972,0.2208401811150914,True,True
4,17,982.7143995155492,76.9046758050758,20.445187924532295,2.225408633282065,0.28579647334525043,0.09414247679321888,0.2026066342534115,0.037627225172690765,0.2,CONICAL,0.05051075604010227,0.027699703898690184,0.0,0.0015939553650335374,0.03316837444182828,4,0.41555685200391457,0.5243055079893506,0.012705265066447972,0.2208401811150914,True,True
4,18,907.1923001068753,57.45754806070464,12.120812051318618,3.0718441957202147,0.19248110191164428,0.11029082470814826,0.23888220862444465,0.03806229776942878,0.18289538355904073,OGIVE,0.049519748340939335,0.03478357566225468,0.006021577939448051,0.003196920142749975,0.03911027452802253,4,0.45576767062297147,0.28029834876610316,0.013383573507793152,0.16323512660729408,True,True
4,19,998.807494715099,75.64504494158174,17.405277907807037,1.342101178400386,0.2795456830565281,0.09639392007184047,0.35154994011031565,0.031183450701910056,0.14385301507624046,OGIVE,0.11229616376246424,0.018746603947981846,0.09710292682995626,0.003187172104317585,0.02,3,0.39331176872055695,0.22290091311387245,0.012145357167239043,0.18329515296070584,True,True
4,20,994.1326425119687,77.09337817741734,18.12422772976597,2.087893483172751,0.2537816070487215,0.09465912327087006,0.2,0.036729181068614676,0.17694810665653862,OGIVE,0.031780978077322226,0.017824897810253638,0.0,0.0030205488393823875,0.03623467510303165,3,0.39331176872055695,0.4982384962772421,0.011390701142132406,0.18729617909453405,True,True
5,0,995.5989073642024,75.667050808857,15.178744414804907,1.6050379483315989,0.23717305702893302,0.09646079219120961,0.35154994011031565,0.031183450701910056,0.1594012897873725,PARABOLIC,0.10075037861447493,0.020274671122283656,0.08982110996935508,0.003187172104317585,0.02,3,0.4431044611969265,0.23158945523680405,0.012145357167239043,0.15,True,True
5,1,991.1043927007801,78.15403606734017,18.00289438502147,2.08946243363913,0.2773362132462522,0.09411266133436069,0.2558399084381726,0.034505786083006536,0.16965279923681967,OGIVE,0.10233596337526905,0.021819026102730996,0.08726471476281622,0.0012606197058193053,0.02903194586040266,3,0.41951976442163885,0.19358263636051115,0.011974331582881442,0.1821265018958417,True,True
5,2,998.0973928903849,76.18587067368219,16.341943784642833,2.0634245310883506,0.24304566318671486,0.09495706654383623,0.22563835384953013,0.037849439369461856,0.17172173990799114,PARABOLIC,0.05928232778384655,0.030902802643573042,0.05928232778384655,0.001,0.02675146327589492,4,0.42602452222934184,0.45547181503956635,0.012099265845068074,0.1639803151271667,True,True
5,3,988.9645915844795,72.78057184369548,15.888139488531026,1.5245000100800523,0.25538035312228663,0.09790277437088556,0.2625846833638038,0.03382975085250739,0.1852010739479517,CONICAL,0.10178666284831044,0.023347093277032806,0.05580408491722226,0.004,0.029087054338430264,3,0.39754252146676144,0.23254187625670356,0.01139483173130512,0.169753416712534,True,True
5,4,938.8014119618634,61.435231779547046,12.651733610760964,1.3203026325189644,0.2084984189908949,0.1068926868049151,0.2558399084381726,0.034505786083006536,0.1852010739479517,OGIVE,0.10178666284831044,0.033947296363284855,0.07936102288348984,0.003496507794492714,0.025259898472528425,4,0.36975656729300943,0.22973236680309003,0.011974331582881442,0.1562917946645704,True,True
5,5,994.2167138658408,74.24579758981668,17.116035722844025,1.989498883547342,0.2802888290152601,0.09671692891182723,0.33948855684995394,0.034505786083006536,0.1531141985013986,PARABOLIC,0.09273799592618427,0.020302599557320992,0.08001330559942559,0.0015775953111127068,0.021942653134998012,3,0.49286765832555596,0.26169486655629454,0.011519765993491752,0.18339706445673737,True,True
5,6,971.877555053539,74.32720936419074,19.698575105633104,2.790548123415007,0.29023801660959236,0.09549771219953009,0.23559387151847183,0.03748991287065925,0.18576678770861613,CONICAL,0.05941968979238273,0.027699703898690184,0.017298283089360537,0.0015939553650335374,0.040641838636614816,4,0.32304321895715543,0.5243055079893506,0.011201638180596067,0.2208401811150914,True,True
5,7,984.2320900566139,80.79817967030523,16.478034273134778,1.4426900153391866,0.25850657607825933,0.0914533372136382,0.2,0.03731071644099422,0.142349653420787,CONICAL,0.07314880665494292,0.030902802643573042,0.05585052356558238,0.003187172104317585,0.03642782904917638,3,0.3463357426718606,0.49048365806467303,0.013023392879343659,0.151607229943859,True,True
5,8,976.3998146985045,70.80828924523864,14.364314853881798,1.3347669887128348,0.2427294943282566,0.09859268183954846,0.2311433483895856,0.03717340413896271,0.1846235575487334,CONICAL,0.09245733935583425,0.020596447877632585,0.08669171732206267,0.0032178764949973063,0.02863596600679874,4,0.35425458679809496,0.4857425128128272,0.011454654803582168,0.151607229943859,True,True
5,9,972.7601846903995,79.90396090503876,18.461805498642978,2.6278296306307785,0.2773001659039301,0.09324669874932755,0.2570796888237483,0.034505786083006536,0.17229925630720944,PARABOLIC,0.0603494032914448,0.033653448042973266,0.05257350836399892,0.0012606197058193053,0.02720255160752644,3,0.4693124568980083,0.20227117848344273,0.012039442772791027,0.1821265018958417,True,True
5,10,969.8433945223717,73.64615816276725,23.600192280771527,1.9324297653189173,0.3325814839801383,0.09711666688550087,0.20677886308540372,0.036729181068614676,0.1667884212815319,CONICAL,0.05094261318610696,0.027514653188142293,0.006310642606431827,0.002449610140843555,0.03015702822396677,4,0.33678519066480117,0.1375615044076619,0.014450882031095064,0.28440117443166146,True,True
5,11,970.4680827837701,70.80831638375727,14.377061185145873,2.2992030054399715,0.2301911755886148,0.09870835303437184,0.23238312877516132,0.03717340413896271,0.19943942698645054,CONICAL,0.05928232778384655,0.030902802643573042,0.05928232778384655,0.0032178764949973063,0.03163146576178162,4,0.4107811648538508,0.5697263324874021,0.011519765993491752,0.151607229943859,True,True
5,12,959.1596578526694,84.88911981034644,20.911829407486884,1.9965316196950984,0.2924561204695918,0.0900155860092077,0.20730820658877755,0.03404174737487532,0.16778853488443776,OGIVE,0.06344811289357782,0.022768881476111863,0.005306054375375827,0.0011389210301956771,0.028513871275081593,4,0.33476234289758416,0.4974286570259236,0.01243459909849632,0.19738272780655147,True,True
5,13,952.1731499002614,67.39127242789725,16.776434740700683,2.977633965750477,0.30313920874947625,0.1016182176439419,0.35154994011031565,0.033870884395649406,0.15554629783056925,CONICAL,0.11229616376246424,0.023677426370560167,0.09710292682995626,0.0027745053689568087,0.03295236174454928,3,0.39331176872055695,0.23807223780114345,0.012416023135190697,0.2067526062692458,True,True
5,14,889.0857162845157,68.03822985352265,16.01653404135903,6.238330295297993,0.2638467803709223,0.10072991476485624,0.4325984674672837,0.03470880746186306,0.14639404168456013,CONICAL,0.03,0.02923808611030792,0.03,0.002449610140843555,0.03315252797894965,4,0.47665053208310076,0.22154532408223684,0.01223711758040593,0.18941863037038215,True,True
5,15,894.8176874388579,93.51983543162743,21.894191330342675,0.6790461417374326,0.30386375367026064,0.08594147807670079,0.2,0.03208247448475442,0.15703983286142115,CONICAL,0.08000000000000002,0.01702317102581622,0.0,0.003187172104317585,0.02,4,0.39331176872055695,0.22290091311387245,0.014359121617928176,0.18329515296070584,True,True
5,16,971.1462714892139,67.21355333319664,16.85265684090557,1.6311093571844737,0.268037509325987,0.10176353725588953,0.21096514353787182,0.03717340413896271,0.16969940198040007,CONICAL,0.07314880665494292,0.028611415813200612,0.05317789449793191,0.003187172104317585,0.03058196244023565,4,0.3463357426718606,0.15759392998615535,0.01634549109168592,0.20820899817176594,True,True
5,17,958.2155417242242,65.75897802457263,13.269779226678306,2.1121632481456407,0.2115675688794785,0.1023657184807383,0.2274815981713828,0.038670509213574844,0.17792090488098983,OGIVE,0.05094261318610696,0.04821631534787309,0.05094261318610696,0.002449610140843555,0.03120653154551274,4,0.39331176872055695,0.5544350521607545,0.010673066422831994,0.15,True,True
5,18,948.0408154917268,62.43265760153365,14.144738105472989,1.373291184465905,0.2585871997375761,0.10590240360952514,0.3486013941254072,0.034505786083006536,0.14393861140048517,OGIVE,0.12,0.030902802643573042,0.07998289790221504,0.003187172104317585,0.021198481139024856,4,0.39331176872055695,0.5068520321365302,0.011519765993491752,0.18245265691282164,True,True
5,19,950.5323247238249,86.95496600837463,20.744324358977916,2.125990439562616,0.2907952022304474,0.08828438225271198,0.2,0.036729181068614676,0.18612369375745205,CONICAL,0.03,0.017824897810253638,0.0,0.0030205488393823875,0.035986180806870646,3,0.39331176872055695,0.2805425190166537,0.011390701142132406,0.18813867514241822,True,True
5,20,995.0862109157678,76.83509133790251,18.53697213841348,1.901421439414822,0.26099553207911935,0.094531796990771,0.2,0.036729181068614676,0.16560400380891244,OGIVE,0.031780978077322226,0.017550976672900176,0.0,0.003361602766928605,0.029628675522217984,4,0.39331176872055695,0.4982384962772421,0.011538426496642731,0.19395539952376914,True,True
5,21,918.8643253113487,55.94117094814833,11.25883838277212,2.067127935826645,0.18662902643738186,0.11218066525742404,0.32899962851950565,0.034505786083006536,0.1800731280323811,PARABOLIC,0.09273799592618427,0.031176723780926504,0.09273799592618427,0.004,0.026605999580813666,4,0.39331176872055695,0.2891560548759418,0.011372040638981428,0.15,True,True
5,22,997.0820614882583,75.11923570323945,17.313807096632626,1.254737912058779,0.2829186882647803,0.09597986695947935,0.3486013941254072,0.034505786083006536,0.1531141985013986,CONICAL,0.09273799592618427,0.030902802643573042,0.08091789866828754,0.003187172104317585,0.020949986842863852,3,0.4110993356260522,0.2891560548759418,0.011519765993491752,0.18329515296070584,True,True
6,0,957.5607042557701,77.77551478231679,16.055329587444486,3.8295350029320234,0.2341595357892967,0.09475944753976136,0.27989433776994754,0.03233114572486066,0.2,PARABOLIC,0.05928232778384655,0.03213180734649862,0.05928232778384655,0.001,0.02675146327589492,4,0.42602452222934184,0.45547181503956635,0.012513875411780038,0.15529770308459123,True,True
6,1,989.5333261937927,72.8181550900139,17.73721700601083,1.384953013164575,0.27550085780427613,0.09695522873134771,0.20730820658877755,0.039560041019476515,0.16778853488443776,OGIVE,0.06344811289357782,0.02153987677318629,0.0,0.0011389210301956771,0.028513871275081593,4,0.33476234289758416,0.4974286570259236,0.012019989531784356,0.19738272780655147,True,True
6,2,923.4281790261276,67.399243706533,13.566217740312732,3.9298471294701773,0.22044970828033011,0.10196614641350737,0.3479664006786802,0.031567420089862894,0.1852010739479517,PARABOLIC,0.10178666284831044,0.023347093277032806,0.08091912161726555,0.002156896594849536,0.02720255160752644,4,0.46219978748080526,0.20227117848344273,0.01194157384252736,0.15,True,True
6,3,958.0657539285914,79.47239860144386,18.732300037486837,0.7241663832125217,0.29300379708580027,0.09382506941104796,0.2594234478698081,0.034121816695053694,0.1594012897873725,PARABOLIC,0.10075037861447493,0.020274671122283656,0.08888488625430456,0.002290895215287354,0.02,3,0.4431044611969265,0.23158945523680405,0.012178114907593126,0.18852550499418017,True,True
6,4,997.6100994488606,76.71999292739186,17.755049933352147,1.9480350497243737,0.2771903082482583,0.09525316798939157,0.26933475597926215,0.03450578608300654,0.16965279923681967,OGIVE,0.09093553144387309,0.021819026102730996,0.08726471476281622,0.0016062398899700215,0.025692473037691854,3,0.48034091631613485,0.2598332348660504,0.011974331582881442,0.18379283712997785,True,True
6,5,992.0805713695948,75.61832311016353,17.347373902003763,2.3319727631820206,0.27752599584692533,0.0956494747095935,0.3259937093088644,0.03450578608300654,0.1531141985013986,PARABOLIC,0.10413842785758025,0.020302599557320992,0.08001330559942559,0.0012319751269619906,0.025282125957708818,3,0.43204650643105996,0.16145737468109395,0.011519765993491752,0.18173072922260125,True,True
6,6,954.326036808096,85.9863333048892,20.49302767025537,2.1454225721896694,0.29840355510454214,0.08795656559054638,0.2,0.036729181068614676,0.19012065109706566,PARABOLIC,0.033702189374646044,0.017824897810253638,0.0,0.003294089861256116,0.03623467510303165,4,0.30111292362394215,0.4982384962772421,0.0,0.18729617909453405,True,True
6,7,968.3092221878691,66.95731907123391,15.500556887605644,1.1957685586089541,0.2541701358335828,0.10329723213168074,0.2,0.03705093442958955,0.18620955330689928,OGIVE,0.03,0.017824897810253638,0.0,0.0030205488393823875,0.023904208523265753,3,0.39331176872055695,0.4982384962772421,0.02020309243922232,0.18729617909453405,True,True
6,8,980.6349072735103,81.81460918928354,18.065091909044988,1.360804451163112,0.2792328819841515,0.09135076091938657,0.20351690485493446,0.03738201836453463,0.1761767595679064,CONICAL,0.05928232778384655,0.030902802643573042,0.05928232778384655,0.0032762587988419208,0.030296348282761464,3,0.35204110886629647,0.1808314655183197,0.011368744904209652,0.17062705244525686,True,True
6,9,959.063357827619,82.79461056622789,18.214190199918466,2.8880366801209174,0.27118353530647377,0.09048139309847261,0.22886622392022687,0.03652056684304275,0.1816686740975368,CONICAL,0.03,0.017824897810253638,0.0,0.0029621665355377726,0.034325798530907926,4,0.39552524665235544,0.5854535663111612,0.011541722231414506,0.16911885264102036,True,True
6,10,924.6859432373492,86.49016429391123,28.21511510799877,1.9268586268176966,0.37046809949523724,0.0908464707954715,0.21096514353787182,0.02930592612442624,0.16969940198040007,CONICAL,0.059944311758011876,0.017347308127704443,0.059944311758011876,0.003129552876145234,0.02325654074570773,4,0.2413556906814278,0.23746890733083253,0.01634549109168592,0.2834796441748882,True,True
6,11,913.6339318265168,54.31213529915274,12.203450993587245,1.3283646479768108,0.25460399645705684,0.11325935230059483,0.35154994011031565,0.03905092871644652,0.14385301507624046,OGIVE,0.12,0.03001071163347802,0.08978229919504506,0.0031871721043175844,0.027325421694527924,3,0.39331176872055695,0.23533562703235086,0.012145357167239043,0.18329515296070584,True,True
6,12,949.2456718165349,64.1941108583115,13.000189232651644,1.6109967207900566,0.21853021917789198,0.10433791916079663,0.23238312877516132,0.03717340413896271,0.17050285675744548,PARABOLIC,0.07910115340448651,0.030902802643573042,0.05418917659435149,0.003187172104317585,0.02863596600679874,4,0.3754579713263737,0.5356999720035993,0.012227636357172306,0.151607229943859,True,True
6,13,914.9354442689655,97.37439545540097,21.29162732737008,2.0870220878205314,0.31635323276860194,0.08125839455148201,0.22563835384953013,0.037849439369461856,0.12201100594739663,CONICAL,0.053329981034302955,0.027100308553138188,0.05277488461296304,0.001,0.02675146327589492,4,0.42602452222934184,0.45547181503956635,0.011391395481387522,0.1639803151271667,True,True
6,14,935.5164478064306,60.98852928805424,12.196576054849507,1.2479474856849087,0.19624418394683082,0.1075882732159095,0.3575988914588971,0.0357584922642384,0.1936887614936702,PARABOLIC,0.10120151188080737,0.023347093277032806,0.07998289790221504,0.002570491859955555,0.02,3,0.4693124568980083,0.20227117848344273,0.011929124302219273,0.15,True,True
6,15,926.6556945117851,90.60103118370907,21.93271617454261,2.4839814995691056,0.30165182818983216,0.08749910819506644,0.24979095708959115,0.029930744520678194,0.150913602241654,PARABOLIC,0.09991638283583647,0.020274671122283656,0.08982110996935508,0.0018772999501813351,0.028699887904358054,3,0.4431044611969265,0.23158945523680405,0.012190564447901212,0.192101016688942,True,True
6,16,940.3057153081584,65.98596070106645,15.009959816008882,3.142692097290789,0.2582236789093143,0.10376870991911276,0.36196843036808735,0.029632494265604624,0.17114127739770213,OGIVE,0.10320774351459033,0.018746603947981846,0.09634386026111534,0.0033765976146222796,0.023470181991183142,4,0.39331176872055695,0.18684560634369032,0.013486007878327641,0.1827357421544072,True,True
6,17,920.0222895860635,96.00896184254825,21.57486011240848,1.4192071101759745,0.32069693474963135,0.08244388377245974,0.2998703618098902,0.034505786083006536,0.142364536915358,OGIVE,0.10121796362099789,0.021819026102730996,0.08270999709359739,0.0010711941955146105,0.023236320367292545,3,0.41951976442163885,0.2296379431306933,0.002828196528381441,0.17096350325206147,True,True
6,18,980.9776393202994,73.56797696327936,14.781448144624601,2.3072901858626205,0.2327133648254584,0.09761927938201512,0.30684517635136843,0.031990911591832955,0.1594012897873725,PARABOLIC,0.10075037861447493,0.020274671122283656,0.08982110996935508,0.003187172104317585,0.027301521115397236,3,0.4431044611969265,0.23158945523680405,0.01214085936639235,0.15,True,True
6,19,996.627912039886,74.9807199469832,17.17200684441374,1.4439062028749434,0.27993297985359156,0.09672261070411399,0.3005446721971198,0.03369832519308364,0.1852010739479517,PARABOLIC,0.10178666284831044,0.023347093277032806,0.07998289790221504,0.0012606197058193053,0.02,3,0.4693124568980083,0.20227117848344273,0.011978829383728134,0.1821265018958417,True,True
6,20,922.8046538779051,83.76324038870528,21.759737031352003,0.6334622349358453,0.32672708429856084,0.0910836162450869,0.21743489155713924,0.034505786083006536,0.16965279923681967,PARABOLIC,0.0869739566228557,0.021819026102730996,0.0869739566228557,0.0012606197058193053,0.021229836250761525,3,0.36885212845752086,0.35073910724120494,0.01211581365989918,0.21290192492940857,True,True
6,21,986.0474601373267,73.16816466258963,14.840557986659913,1.2370699395691334,0.23973458229141076,0.09713392287018656,0.2,0.03717340413896271,0.1531141985013986,OGIVE,0.07314880665494292,0.030902802643573042,0.07213001710710638,0.003187172104317585,0.0273205346367043,4,0.4194541125176075,0.33332718718397925,0.011378283916474016,0.151607229943859,True,True
7,0,973.031677762141,81.70634588881731,18.10255188562393,2.390451054396462,0.2748636065810999,0.09200537038341547,0.26980842418310985,0.03315903776875119,0.17178863343529277,PARABOLIC,0.09792942208527537,0.030902802643573042,0.08970069680947301,0.001,0.02675146327589492,3,0.48138044884605496,0.45547181503956635,0.012099265845068074,0.1718729459343042,True,True
7,1,973.0901401141302,68.59648301611337,15.371676398850342,2.00408721015416,0.25067394045488867,0.10030266869252663,0.2568713063826197,0.03919618768371721,0.16958590570951806,OGIVE,0.05228843714244427,0.021819026102730996,0.05228843714244427,0.0016062398899700215,0.025692473037691854,4,0.4249849896994217,0.20687636045129815,0.011974331582881442,0.17590020632284037,True,True
7,2,965.780869032223,66.58074505928803,15.177510931883653,1.8079187364279168,0.26107304524300806,0.10306312239728278,0.3671203371340998,0.031183450701910056,0.14385301507624046,OGIVE,0.11229616376246424,0.018746603947981846,0.08267767040702532,0.003995838727556656,0.02,4,0.39331176872055695,0.4092358069711967,0.012145357167239043,0.18329515296070584,True,True
7,3,939.1888303666458,91.87705085700935,19.818929265270967,2.0709260651429693,0.2686940258239008,0.08649828942259513,0.21006795682574597,0.03380899128650264,0.17172173990799114,CONICAL,0.06937368877787849,0.030902802643573042,0.05928232778384655,0.001,0.027200379507074792,3,0.45023384033783054,0.2691369211822421,0.017175913959269387,0.1639803151271667,True,True
7,4,968.9548690626615,85.45459227436773,17.95399234881661,1.1704437270544195,0.2612741251007487,0.09012023333590473,0.2594234478698081,0.033995939124789855,0.1594012897873725,PARABOLIC,0.06200690629016843,0.020274671122283656,0.06200690629016843,0.0018892137770467623,0.02,3,0.4431044611969265,0.23158945523680405,0.012178114907593126,0.15933309194258993,True,True
7,5,987.4594647614424,78.64731345451045,18.955972655209063,1.2095681382274233,0.3123302155838424,0.09295775490716994,0.24716610016688717,0.037975316939725695,0.17172173990799114,CONICAL,0.09025534153981206,0.030902802643573042,0.07991278188143283,0.0015368305258812423,0.021565940812587503,4,0.42602452222934184,0.45547181503956635,0.012099265845068074,0.19317272817875694,True,True
7,6,988.4794094726727,73.67065958613917,17.024012326094642,2.1925727562979453,0.26942442507317355,0.097059761996617,0.3043711084617343,0.03450578608300654,0.1645728169876427,OGIVE,0.09093553144387309,0.021819026102730996,0.08710510591443302,0.0016062398899700215,0.025692473037691854,3,0.48034091631613485,0.26430865248755525,0.011974331582881442,0.18379283712997785,True,True
7,7,992.3681091008417,78.22041000492987,18.07958290612578,1.060985211349374,0.2874954719503646,0.0939830770416401,0.31356504164293497,0.034505786083006536,0.15819418075057554,CONICAL,0.09273799592618427,0.030902802643573042,0.08107750751667074,0.003187172104317585,0.020949986842863852,3,0.4110993356260522,0.28468063725443704,0.011519765993491752,0.18329515296070584,True,True
7,8,989.890508582007,79.07314525056876,16.829449704360005,1.381257002388985,0.2699387675698845,0.09292596453672827,0.2016647553162113,0.03717340413896271,0.17172173990799114,CONICAL,0.06213076715876673,0.03162765760193179,0.057466125898385366,0.0032178764949973063,0.02863596600679874,4,0.30316592363811556,0.4857425128128272,0.011519765993491752,0.1622405678692948,True,True
7,9,990.5732168138082,78.61300461745098,18.20620681837729,1.2069461782764277,0.29106117895948486,0.09402230141424998,0.2937138521794037,0.03450578608300654,0.1607538348913034,PARABOLIC,0.09093553144387309,0.021819026102730996,0.08634836541486138,0.0013204246023876445,0.02,3,0.46816565902457535,0.24819829510656377,0.011974331582881442,0.18379283712997785,True,True
7,10,929.2888686814316,58.804143364146576,11.844328111697255,2.1325627610909157,0.20336063704991308,0.10913410068011345,0.33321979525875556,0.0357584922642384,0.2,OGIVE,0.1035527553068227,0.023347093277032806,0.08193124808828453,0.002856307147537932,0.027657618439084156,3,0.48148771418956776,0.2139061182429294,0.010669460830763935,0.15,True,True
7,11,971.3163716126171,84.73446995465642,17.264698749455786,1.4149514822143887,0.2723089835272379,0.08941310936157379,0.23961800726517848,0.036063340594782965,0.1427109728755195,CONICAL,0.07314880665494292,0.030902802643573042,0.07314880665494292,0.003187172104317585,0.0273205346367043,3,0.4194541125176075,0.33332718718397925,0.012340947483750067,0.151607229943859,True,True
7,12,970.1409715345927,80.1986809131125,22.01178997440768,1.1804583338860755,0.36668721606925403,0.09326697949263953,0.35154994011031565,0.031183450701910056,0.14385301507624046,OGIVE,0.11229616376246424,0.018746603947981846,0.09710292682995626,0.003187172104317585,0.02,3,0.39331176872055695,0.22290091311387245,0.006962048819056869,0.23051308631930995,True,True
7,13,995.4365467211464,77.34736972080763,17.95583098945657,2.0057198816839805,0.28551311815606695,0.09484743717013044,0.26933475597926215,0.03450578608300654,0.16965279923681967,PARABOLIC,0.08606859498531631,0.021819026102730996,0.08485423542598672,0.0015439201008994666,0.025692473037691854,3,0.48034091631613485,0.2697087816400513,0.011974331582881442,0.18442024975655247,True,True
7,14,996.8411730064261,75.04540642740378,17.20459776888229,1.9372513722947733,0.2695831707716928,0.09621519909139914,0.2558399084381726,0.034505786083006536,0.1852010739479517,OGIVE,0.10233596337526905,0.023347093277032806,0.08239337723904454,0.0013229394948898602,0.02720255160752644,3,0.4693124568980083,0.19239563170944185,0.011974331582881442,0.18149908926926706,True,True
7,15,998.3779137113484,76.48589605134734,17.67197109061898,1.6879489654375848,0.27939138562000815,0.09548916666314199,0.2695670645873179,0.03450578608300654,0.16965279923681967,OGIVE,0.09093553144387309,0.021819026102730996,0.09093553144387309,0.0016062398899700215,0.025692473037691854,3,0.3841016099771208,0.2408909883812923,0.012193702107937994,0.18379283712997785,True,True
7,16,994.2468538426622,74.36941506893713,17.10875339108184,2.0187886431690267,0.2768519991899159,0.09715615234952234,0.3513176315022599,0.031183450701910056,0.14385301507624046,OGIVE,0.11229616376246424,0.018746603947981846,0.09050788143580579,0.003187172104317585,0.022362975215155116,3,0.5064631732660018,0.24184315959863056,0.01192598664218249,0.18329515296070584,True,True
7,17,988.1090505704921,79.6161700139946,17.04622760193112,1.3184409215389574,0.268745804442287,0.09311397374969199,0.2223204159352613,0.037849439369461856,0.167022727172068,PARABOLIC,0.05928232778384655,0.030902802643573042,0.05928232778384655,0.001058026386087218,0.024751040756361732,3,0.42602452222934184,0.43859360830247335,0.012099265845068074,0.1639803151271667,True,True
7,18,961.4790634859621,71.51304223278416,16.442382556861897,3.1886712405484974,0.2652165314719807,0.09798909817542582,0.32931164722313316,0.03450578608300654,0.15781321123732175,PARABOLIC,0.10413842785758025,0.020302599557320992,0.08001330559942559,0.0011739487408747727,0.027282548477242007,4,0.43204650643105996,0.178335581418187,0.011519765993491752,0.18173072922260125,True,True
7,19,965.5648438276531,72.10584653711953,23.404260268227578,1.9455736600822553,0.4202106111479116,0.09843882504020024,0.2558399084381726,0.034505786083006536,0.1852010739479517,PARABOLIC,0.10178666284831044,0.02383357634251944,0.07967648763848015,0.0012606197058193053,0.023504166094880114,4,0.4693124568980083,0.15022727026877944,0.008350061223948156,0.2911133591172425,True,True
7,20,995.6740387406066,77.31033428941191,17.10232063303024,1.5492569653952197,0.26964246887072396,0.09440674533691346,0.22563835384953013,0.037849439369461856,0.17172173990799114,PARABOLIC,0.05928232778384655,0.03041631957808641,0.05928232778384655,0.001,0.02694685528084543,3,0.42602452222934184,0.5075157232542297,0.012099265845068074,0.17126992137521677,True,True
7,21,965.9270671375007,85.5595125996434,17.349117597501543,2.134183723875023,0.26028071208244385,0.08863653127684955,0.22563835384953013,0.037849439369461856,0.18564287629545903,CONICAL,0.05928232778384655,0.022455837314916093,0.05928232778384655,0.001,0.02675146327589492,4,0.42602452222934184,0.45547181503956635,0.012099265845068074,0.15,True,True
8,0,963.542488304295,85.07707348059714,19.66216881563044,1.429667329249458,0.2841162807450804,0.09011736793617056,0.2220427096755207,0.03450578608300654,0.1701642645770418,PARABOLIC,0.08881708387020829,0.021316990553152063,0.08315488401486094,0.0012319751269619906,0.025282125957708818,3,0.4590534794309292,0.16145737468109395,0.011519765993491752,0.18173072922260125,True,True
8,1,951.8454295614961,67.48122119274996,15.411226352117083,2.8912621066999153,0.25484345355632165,0.10136011983616192,0.3597909080715163,0.034505786083006536,0.16815100787230847,OGIVE,0.10498139139472548,0.02233270228120174,0.07925179882360919,0.0013229394948898602,0.02720255160752644,3,0.44230548389813906,0.19239563170944185,0.011974331582881442,0.18149908926926706,True,True
8,2,977.8845497977727,78.8473167119747,15.893982420649143,2.616245544277646,0.2487873688679547,0.09350956909176064,0.3365790322957211,0.03335226431641325,0.15442203963730286,OGIVE,0.0914689969592584,0.020302599557320992,0.08141406375336785,0.0012849688611322446,0.025297543952166157,3,0.43204650643105996,0.0,0.011519765993491752,0.15,True,True
8,3,996.5556500738485,77.04133879211506,17.836504387499552,1.418761995911498,0.27884072755716227,0.09484973761325396,0.25898174160046117,0.03450578608300654,0.1683449581009154,PARABOLIC,0.10359269664018447,0.021819026102730996,0.08953477328993083,0.0015532461557997675,0.025677055043234514,3,0.3841016099771208,0.2408909883812923,0.012193702107937994,0.18379283712997785,True,True
8,4,957.7845135213397,86.35016980127996,20.057057994285575,1.8507067347994857,0.30004497318687917,0.08893743640332627,0.24334300234025258,0.034505786083006536,0.1974893356445192,CONICAL,0.09733720093610104,0.023347093277032806,0.08128147119748796,0.0012606197058193053,0.02720255160752644,3,0.44843939219019424,0.20227117848344273,0.011745142609685951,0.1821265018958417,True,True
8,5,988.6791571088254,72.55795940977819,16.67432524885578,1.045869189748497,0.28058802520386783,0.09814497075297937,0.3119420779779957,0.034505786083006536,0.14590591905400802,PARABOLIC,0.08956248534880096,0.030902802643573042,0.07977893422139783,0.003187172104317585,0.020949986842863852,3,0.4319724003338663,0.28468063725443704,0.011748954966687243,0.18329515296070584,True,True
8,6,993.5857412088328,76.20318806434295,17.431134830682712,2.286041465801174,0.2680196745686733,0.09559731977722823,0.26113862212673417,0.034505786083006536,0.1852010739479517,PARABOLIC,0.08060782634229903,0.023347093277032806,0.07998289790221504,0.0012606197058193053,0.027492174165780488,3,0.4693124568980083,0.20227117848344273,0.011974331582881442,0.1809864488341859,True,True
8,7,975.538170909962,81.03357502466123,19.126611630440554,0.9658917750109705,0.30206313922618416,0.09227945462191449,0.28428311955428265,0.03450578608300654,0.16965279923681967,PARABOLIC,0.10561441691628025,0.021819026102730996,0.08485423542598672,0.0015439201008994666,0.02,3,0.48034091631613485,0.3368820419511709,0.00854852758355256,0.18788803566043547,True,True
8,8,982.0259812266843,70.52948907090435,16.132182184216294,1.6613344315044083,0.2614827103334773,0.09925634746940999,0.2558399084381726,0.03669003993968176,0.1852010739479517,PARABOLIC,0.10178666284831044,0.023347093277032806,0.07998289790221504,0.0012606197058193053,0.02720255160752644,3,0.4693124568980083,0.20227117848344273,0.011974331582881442,0.1821265018958417,True,True
8,9,976.433205488157,70.21332424601799,14.86055545504214,1.5111439587601094,0.23859658842259546,0.09958935327700885,0.2016647553162113,0.03717340413896271,0.1722992909810611,PARABOLIC,0.047952974742848334,0.03162765760193179,0.047952974742848334,0.003660072249250177,0.02863596600679874,4,0.30316592363811556,0.09147198244200255,0.011519765993491752,0.1622405678692948,True,True
8,10,953.2198054182122,87.38433826612027,20.349931436186555,1.9858152917505247,0.30277675229681833,0.08803786791247316,0.2558399084381726,0.034505786083006536,0.18462352287488176,CONICAL,0.10233596337526905,0.023347093277032806,0.07998289790221504,0.001,0.02720255160752644,3,0.4693124568980083,0.5965417088542674,0.011974331582881442,0.1821265018958417,True,True
8,11,957.3241000694997,68.07442913161533,15.555217696586123,2.743425430128353,0.2573301852761193,0.10110710442992797,0.31839550469143596,0.034807876795678004,0.1852010739479517,PARABOLIC,0.10178666284831042,0.023347093277032806,0.07998289790221504,0.0012606197058193053,0.028316688221173815,3,0.4693124568980083,0.20227117848344273,0.011974331582881442,0.1821265018958417,True,True
8,12,920.560824613055,95.0583617443176,22.220218296889907,1.1325911623387677,0.30868655036310594,0.08477307898046657,0.23798907594385643,0.03339623448041217,0.1852010739479517,CONICAL,0.08663755099442849,0.023347093277032806,0.07998289790221504,0.0012606197058193053,0.02,3,0.4693124568980083,0.20227117848344273,0.011978829383728134,0.1821265018958417,True,True
8,13,983.0824200380071,77.7246166274293,19.425205042863997,0.9447303568920331,0.31604444867270015,0.09487025112803357,0.2594988340503088,0.034406203534307,0.17963401711132287,PARABOLIC,0.096961138762735,0.02212468240758108,0.08432655598906826,0.0012423494662020032,0.02,3,0.4762890073202816,0.2164812383098959,0.01198073512804847,0.2044778426967036,True,True
8,14,967.9556635118385,67.05641028881058,15.331111158566202,1.8190955339019506,0.26295193327246474,0.10155429276128414,0.28979677334798687,0.03709287455202561,0.17521985607344848,OGIVE,0.09089411907089176,0.02304143697218272,0.0805105773391335,0.0015621903405167686,0.026864521513490388,3,0.4658469950157634,0.25623055162760583,0.011972425838561104,0.18227342610519237,True,True
8,15,967.1717030077155,81.24220300428979,18.35390637544727,0.8581431152187119,0.281542581349957,0.09297970927193434,0.28444973207942953,0.03152526854594613,0.1572050652035082,OGIVE,0.11229616376246424,0.018746603947981846,0.07936435692980967,0.003187172104317585,0.02,3,0.39331176872055695,0.22699094531887531,0.011133239790813484,0.1776348407369799,True,True
8,16,972.2098239504517,74.05450844776445,20.412278661577,2.5861667454235224,0.34880194784490975,0.09677193017932297,0.32294011646905874,0.034163968238970464,0.17184902382068398,OGIVE,0.10233596337526905,0.023347093277032806,0.10013194713919113,0.0013229394948898602,0.02720255160752644,3,0.4693124568980083,0.18830559950443898,0.007803140611124828,0.23437733485159712,True,True
8,17,987.3199421712818,73.60515126053502,14.800142659083297,1.9960260030075252,0.23513178092770873,0.09720362777705556,0.31231758724525216,0.034370361485075426,0.16865180981561875,PARABOLIC,0.09979375058425746,0.021819026102730996,0.08643208406609135,0.0016062398899700215,0.025054519510153934,3,0.3841016099771208,0.24128841345292937,0.012193702107937994,0.15,True,True
8,18,860.4048925045024,104.63661229288317,22.644705895861893,0.7296787537871368,0.3201922224942306,0.0786435096962843,0.2535122685584721,0.03450578608300654,0.16175482431250432,OGIVE,0.09093553144387309,0.021819026102730996,0.09085181279264312,0.0013204246023876445,0.02063795352753792,3,0.46816565902457535,0.32673105977024053,0.0,0.16130756598472562,True,True
8,19,916.6763915444042,53.045868369792665,14.004662905629546,1.5424473701075385,0.33429270347198514,0.11483388554251,0.3513176315022599,0.04,0.16287394686399254,OGIVE,0.08515029020846446,0.017565395813989807,0.08515029020846446,0.0026135700669385705,0.022373275163863074,4,0.3987230446304271,0.24184315959863056,0.01192598664218249,0.2367958588687555,True,True
8,20,910.4507822386042,96.40718915401133,23.64149768280838,1.6750047584387173,0.30506708602725924,0.08485267336990163,0.24716610016688717,0.029381673020633332,0.15437633835105366,OGIVE,0.09886644006675488,0.030902802643573042,0.08195147154471594,0.0015368305258812423,0.021555640863879545,3,0.4573429450427867,0.45547181503956635,0.012099265845068074,0.19430112683523218,True,True
9,0,987.1219529162752,74.40062435144515,19.746889359847756,2.030607811119667,0.31037987049235854,0.09645546485279652,0.25923461348421134,0.03450578608300654,0.1683449581009154,PARABOLIC,0.10359269664018447,0.021819026102730996,0.0930895051807555,0.0011537458365895698,0.025677055043234514,4,0.3841016099771208,0.256370803926325,0.012193702107937994,0.22209467538435773,True,True
9,1,992.2897295103206,73.6581020273755,16.912790373518455,1.871313636787883,0.26878191042572697,0.09732865424410556,0.25558703655442244,0.034505786083006536,0.1852010739479517,PARABOLIC,0.10178666284831044,0.023347093277032806,0.07642816601139038,0.0016601200250295027,0.02720255160752644,3,0.4693124568980083,0.20227117848344273,0.011974331582881442,0.18256607209069448,True,True
9,2,971.0315405586739,79.68514620839913,16.146704852844657,2.84263574656886,0.25369810476761295,0.09216729004409986,0.2953103035184662,0.034505786083006536,0.1852010739479517,CONICAL,0.10750194174360064,0.018581600777703784,0.07443858520393783,0.0012606197058193053,0.02720255160752644,4,0.4693124568980083,0.20227117848344273,0.011974331582881442,0.15,True,True
9,3,972.3780255358248,74.51296341418943,17.5885877642506,0.7728576473308213,0.29010241185911273,0.09708246250139495,0.2558399084381726,0.034505786083006536,0.19175103071640676,PARABOLIC,0.10178666284831044,0.023347093277032806,0.08425431446758325,0.0016769787640160691,0.02,3,0.4693124568980083,0.25091678704656994,0.011974331582881442,0.19014068153333596,True,True
9,4,981.151506566706,77.88069127003037,17.789870401469745,2.6325009858564714,0.28226767246025114,0.09391475250158507,0.2934745798665687,0.03450578608300654,0.17788803438600692,PARABOLIC,0.10561441691628025,0.021819026102730996,0.07809349988123701,0.001127561042702703,0.02840428788398767,3,0.48034091631613485,0.28823643338804367,0.00854852758355256,0.17987385602294118,True,True
9,5,955.5774897157991,86.25841800218505,20.203451742496018,2.0961398575111967,0.29679122703392563,0.08897375034202588,0.2558399084381726,0.03407954999030539,0.1852010739479517,CONICAL,0.10231730437136763,0.023347093277032806,0.07998289790221504,0.0013924811762120934,0.02720255160752644,3,0.4693124568980083,0.20227117848344273,0.011974331582881442,0.1841296841354306,True,True
9,6,978.5756185389238,73.46802913616646,20.100075134592753,2.2342913701773415,0.31262496082438673,0.09749424485940542,0.2558399084381726,0.034505786083006536,0.1852010739479517,PARABOLIC,0.10178666284831044,0.023347093277032806,0.07998289790221504,0.001,0.029221220682567422,3,0.4693124568980083,0.28339993185736767,0.011974331582881442,0.23209488446567134,True,True
9,7,944.3343837306406,68.76839300014652,15.743340188779442,3.5444875888998943,0.23480496303735085,0.09983086414165983,0.2734382614730665,0.034505786083006536,0.14590591905400802,PARABOLIC,0.08956248534880096,0.024452449555859356,0.07977893422139783,0.00208172788324655,0.03944849849762337,4,0.4823714111103413,0.2797668852447556,0.011748954966687243,0.18220270258997326,True,True
9,8,977.3380365966451,69.30312565754909,15.834107149632777,1.0059216002662559,0.27019487283264015,0.1009319331652089,0.29434372494310185,0.034505786083006536,0.1852010739479517,PARABOLIC,0.10178666284831044,0.034456490892746626,0.07998289790221504,0.00236606392689034,0.02,3,0.48623676902203483,0.20718493049312414,0.011974331582881442,0.18321895226657428,True,True
9,9,990.9002266630854,73.23479706525792,16.785125543751914,1.6987511175007077,0.2758523080538505,0.09776225572881989,0.25941354722940463,0.034505786083006536,0.1910350530003783,PARABOLIC,0.10264488101091362,0.024015165593740097,0.07998289790221504,0.001531060515498664,0.02632762527087299,3,0.38397998291223506,0.20227117848344273,0.01187859150754604,0.18252595364735907,True,True
9,10,985.4031474676028,79.8303251248066,18.500532004894602,1.8626236894432806,0.28041032482095507,0.09305770431135979,0.25540810280922915,0.03450578608300654,0.16251097904848882,PARABOLIC,0.10216324112369167,0.021150953786023705,0.08953477328993083,0.0012828053461204087,0.026551981379887964,3,0.46943408396289404,0.2408909883812923,0.012289442183273398,0.1833933853784605,True,True
9,11,994.1415813433147,77.77717556658831,17.903888178375457,1.94974076249936,0.27790157379904884,0.09441472693306173,0.2558399084381726,0.034505786083006536,0.17396502219274781,PARABOLIC,0.10178666284831044,0.023347093277032806,0.07998289790221504,0.0012606197058193053,0.02720255160752644,3,0.4693124568980083,0.21973975465481757,0.011987680812815028,0.1821265018958417,True,True
9,12,978.544990159486,71.45494479363087,14.369844838962166,1.9637754190205896,0.22790750269736137,0.09873867839617292,0.31231758724525216,0.034370361485075426,0.17988786157082265,PARABOLIC,0.09979375058425746,0.021819026102730996,0.08643208406609135,0.0016062398899700215,0.025054519510153934,3,0.3841016099771208,0.22381983728155452,0.012180352878004409,0.15,True,True
9,13,864.801177358816,96.8065187150296,22.94320522708222,0.5287016511006828,0.33310166317137957,0.0819601571693421,0.3119420779779957,0.034505786083006536,0.14590591905400802,CONICAL,0.08956248534880096,0.030902802643573042,0.08178956233683661,0.0028416723996556588,0.02,3,0.38407928636289135,0.28468063725443704,0.002271864769059379,0.18329515296070584,True,True
9,14,989.0956427157734,78.20663995902356,18.000887989891602,2.1817598274221175,0.25976364723311157,0.0943391115477962,0.2366826917963113,0.034505786083006536,0.1852010739479517,PARABOLIC,0.09467307671852453,0.023347093277032806,0.07998289790221504,0.0012606197058193053,0.02720255160752644,3,0.6387178394150873,0.20227117848344273,0.011974331582881442,0.1821265018958417,True,True
9,15,998.6556730017504,75.6504980671484,17.384591087248957,2.0085122125829225,0.2742286190744801,0.09595667398172081,0.2558399084381726,0.034505786083006536,0.1852010739479517,PARABOLIC,0.10178666284831044,0.023347093277032806,0.07998289790221504,0.0012606197058193053,0.027202551607526444,3,0.4693124568980083,0.20227117848344273,0.011974331582881442,0.18212650189584167,True,True
9,16,951.3270125987539,63.16693536403553,14.363920381349736,1.7278723948742185,0.2543849369073383,0.10463627250088375,0.24276693413266098,0.04,0.1841967670407066,PARABOLIC,0.0971067736530644,0.031139751322006273,0.07998289790221504,0.0012606197058193053,0.027202551607526444,4,0.4693124568980083,0.10102371602274879,0.011974331582881442,0.18212650189584167,True,True
9,17,873.2943788403339,103.87063398537539,21.113357862168176,3.1392652410083497,0.2779701229818736,0.08119210346783433,0.2695670645873179,0.02695595652236055,0.16965279923681967,CONICAL,0.09307528103932396,0.011262172417424075,0.09093553144387309,0.002264193468528235,0.023749936530826438,4,0.4195427101653074,0.2408909883812923,0.012193702107937994,0.15,True,True
9,18,998.3779137113484,76.48589605134734,17.67197109061898,1.6879489654375848,0.27939138562000815,0.09548916666314199,0.2695670645873179,0.03450578608300654,0.16965279923681967,OGIVE,0.09093553144387309,0.021819026102730996,0.09093553144387309,0.0016062398899700215,0.025692473037691854,3,0.3841016099771208,0.2408909883812923,0.012193702107937994,0.18379283712997785,True,True
9,19,998.9671631380827,75.69354960143652,17.39717330583828,1.9444233971329126,0.274221684675463,0.09577210222120883,0.2558399084381726,0.034505786083006536,0.1852010739479517,OGIVE,0.09734174591547193,0.023177725029345717,0.07487791235294014,0.0012606197058193053,0.02672575698480957,3,0.4720600653850543,0.20227117848344273,0.011974331582881442,0.1821265018958417,True,True
9,20,953.5691300329331,66.79368330363472,15.77283006161047,2.764641709263559,0.24904924676987727,0.10268715636899628,0.2695670645873179,0.03450578608300654,0.16965279923681967,PARABOLIC,0.09538044837671159,0.015936059323067894,0.09538044837671159,0.0016062398899700215,0.03507646678347778,3,0.3813540014900748,0.2408909883812923,0.017507638725789903,0.19145157181325423,True,True
9,21,931.5352287496139,65.37779286627205,18.476988770050138,3.5837226663438204,0.32601905881456505,0.10361066278630203,0.31152733245907516,0.031183450701910056,0.16217877254827587,CONICAL,0.09643041034685244,0.027145091372059414,0.09643041034685244,0.003187172104317585,0.035135839240203234,4,0.39331176872055695,0.1786756571934197,0.012105267743868938,0.24789990760421007,True,True
9,22,937.2060783081968,60.79297932440406,12.779873779716343,1.057882146344856,0.21616693884053909,0.10792146561927922,0.27178121374037056,0.037849439369461856,0.16457489792234284,PARABOLIC,0.07514808119945834,0.022504315219495474,0.05928232778384655,0.001,0.02024598813712212,3,0.42602452222934184,0.4217640815503651,0.023857499234139996,0.1615946222216225,True,True
10,0,971.4180373159489,67.89720954643714,15.50694747759123,1.485481491431671,0.2579441343550723,0.10106651716860442,0.2558399084381726,0.03788118922109517,0.1852010739479517,OGIVE,0.10233596337526905,0.023177725029345717,0.07487791235294014,0.0012606197058193053,0.02672575698480957,3,0.4720600653850543,0.29812885762916463,0.011974331582881442,0.1821265018958417,True,True
10,1,998.9671631380827,75.69354960143652,17.39717330583828,1.9444233971329126,0.274221684675463,0.09577210222120883,0.2558399084381726,0.034505786083006536,0.1852010739479517,OGIVE,0.09734174591547193,0.023177725029345717,0.07487791235294014,0.0012606197058193053,0.02672575698480957,3,0.4720600653850543,0.20227117848344273,0.011974331582881442,0.1821265018958417,True,True
10,2,993.8820702575179,77.84154328840364,18.011910140939978,1.5347535555541139,0.2848048973394932,0.09472666000574542,0.2695670645873179,0.033918795316668,0.16965279923681967,OGIVE,0.09093553144387309,0.032663795478529864,0.09093553144387309,0.0016062398899700215,0.023939488309441818,3,0.3841016099771208,0.2408909883812923,0.012193702107937994,0.18379283712997785,True,True
10,3,931.5801012953511,88.2207933587176,20.549632974717134,2.9049053212608715,0.28793980570739247,0.08934291236146286,0.35279748106547165,0.026802766810268597,0.18857803346740007,OGIVE,0.107431327867624,0.010783004149884355,0.0967464642569227,0.0014355421020826814,0.02,3,0.39331176872055695,0.22290091311387245,0.011936151861422698,0.1837874145795403,True,True
10,4,983.2477537329157,76.5642313255587,18.01710741385964,0.8519651341681928,0.29177385555908475,0.09653038898931865,0.2545923674830166,0.031169322776464076,0.19175103071640676,PARABOLIC,0.10183694699320665,0.023347093277032806,0.08425431446758325,0.0034286087662509725,0.02,3,0.4693124568980083,0.25091678704656994,0.012183536888697787,0.1896484199145015,True,True
10,5,980.6240168513874,70.10216351812926,16.04358068694094,1.7686078792038873,0.2612592462717835,0.09990539741573794,0.25941354722940463,0.03580070530493076,0.1906116163061665,PARABOLIC,0.1023478342814121,0.023138820459916606,0.07998289790221504,0.001581911859049165,0.02632762527087299,3,0.5101750589698703,0.3377291093648347,0.011963810686923987,0.18254830848552045,True,True
10,6,998.8736624580226,75.66496039633567,17.384166636246388,1.6725415804947064,0.27126243866032407,0.09578355063424623,0.2558399084381726,0.034505786083006536,0.1856245106421635,PARABOLIC,0.10178666284831044,0.024223438410856297,0.07998289790221504,0.0012097683622688043,0.02720255160752644,3,0.34311738084037324,0.20227117848344273,0.011889112403503498,0.18210414705768033,True,True
10,7,999.194221117152,75.76265734411825,17.407860474134967,1.943697899943151,0.27095628642854275,0.09578944499155057,0.2558399084381726,0.034505786083006536,0.18399313840406034,PARABOLIC,0.10178666284831044,0.023347093277032806,0.07998289790221504,0.0012606197058193053,0.027202551607526437,3,0.4693124568980083,0.2032380979025055,0.011974331582881442,0.1821265018958417,True,True
10,8,990.5984629941158,78.38191908015251,18.06691642799622,2.064618814769218,0.26799853657590045,0.09405288791901922,0.2558399084381726,0.034505786083006536,0.17517295773663918,PARABOLIC,0.0865096624816951,0.023347093277032806,0.08011458366451217,0.0012606197058193053,0.027202551607526437,3,0.4693124568980083,0.2187728352357548,0.011987680812815028,0.1821265018958417,True,True
10,9,987.4278224458826,79.35575252018108,18.383337449975016,1.687729085517751,0.29141008216396486,0.09336596149376981,0.25540810280922915,0.03450578608300654,0.16251097904848882,PARABOLIC,0.10216324112369167,0.021150953786023705,0.08953477328993083,0.0012828053461204087,0.028481744512254114,3,0.3002498595189578,0.25797893096045854,0.012289442183273398,0.1833933853784605,True,True
10,10,998.6893703692153,75.60912189242698,17.412560194004023,1.3532351635516477,0.2822114137184415,0.09640885141064957,0.35154994011031565,0.031183450701910056,0.14385301507624046,PARABOLIC,0.11229616376246424,0.018746603947981846,0.08752001929253225,0.003187172104317585,0.02,3,0.38631505991447046,0.21617356434211096,0.012201816621647522,0.18340725951346165,True,True
10,11,950.1723893257706,63.13399716956398,14.315342491423738,2.0426674871856636,0.24335520764779625,0.10610113731468242,0.25941354722940463,0.034505786083006536,0.1910350530003783,OGIVE,0.10264488101091362,0.024015165593740097,0.08956580543963905,0.001531060515498664,0.028619179950972833,3,0.39097669171832156,0.16679592034463564,0.01972615027929763,0.18241384709460326,True,True
10,12,989.2296538201633,78.79509394966823,18.30414225268124,2.017788081371436,0.27759801301643616,0.09386681851538356,0.2593106623833142,0.03450578608300654,0.16965279923681967,PARABOLIC,0.09273400840005691,0.02286280129684673,0.08485423542598672,0.001312532780413113,0.026488978018272775,3,0.48034091631613485,0.26073620178613055,0.011974331582881442,0.18442024975655247,True,True
10,13,993.4751452447082,74.71879366554977,17.126006468958973,2.1147119006503674,0.27183886476636837,0.0967964085041666,0.2658640020341206,0.034505786083006536,0.1852010739479517,OGIVE,0.09067633250073133,0.022133949835229982,0.07487791235294014,0.0014920070263056589,0.02592925200422865,3,0.4720600653850543,0.21124375833736347,0.011974331582881442,0.1821265018958417,True,True
10,14,992.6351020958427,77.86581902774407,15.695255537361039,1.8843028993235684,0.24466550504102524,0.0942960960231009,0.2558399084381726,0.034514809156897294,0.18021886402738588,OGIVE,0.0995434793387454,0.023177725029345717,0.08528767911325288,0.0012606197058193053,0.02672575698480957,3,0.460022329322409,0.20227117848344273,0.012221317564033708,0.15,True,True
10,15,985.3062793741699,71.52976515624938,16.535385068492943,1.9532538760410234,0.2759581037528961,0.09866784407855031,0.31231758724525216,0.034361338411184675,0.18487007149138848,PARABOLIC,0.097592017160984,0.021819026102730996,0.0760223173057786,0.001,0.02,4,0.3961393460397661,0.33518255730611735,0.011933366896852145,0.1849141302247763,True,True
10,16,956.5196988049252,86.46564671772448,20.2785613678024,1.8967733971123144,0.29944445241587553,0.08859246915841565,0.2558399084381726,0.03407954999030539,0.1852010739479517,CONICAL,0.10231730437136763,0.023347093277032806,0.07998289790221504,0.0012815520912919398,0.02720255160752644,3,0.4693124568980083,0.20227117848344273,0.011974331582881442,0.18417184200636597,True,True
10,17,996.5812433645374,74.96623187902007,17.208086570176356,1.8749868886920722,0.27128941958850294,0.09633635638332584,0.2558399084381726,0.034505786083006536,0.1852010739479517,PARABOLIC,0.10178666284831044,0.023347093277032806,0.07998289790221504,0.001371548790739459,0.02720255160752644,3,0.4693124568980083,0.20227117848344273,0.011974331582881442,0.18208434402490634,True,True
10,18,990.7693614846714,76.96265781540417,17.699182755827458,2.3022750252767525,0.26811843769383276,0.09511716331143175,0.24755270057077391,0.034505786083006536,0.1852010739479517,PARABOLIC,0.09467307671852453,0.023347093277032806,0.07998289790221504,0.0012606197058193055,0.027202551607526444,3,0.6387178394150873,0.20227117848344273,0.011974331582881442,0.1821265018958417,True,True
10,19,970.376468297817,71.42345507322415,19.714504952822665,2.3859461850060777,0.31677013684592764,0.09878328994884655,0.24496989966371,0.034505786083006536,0.1852010739479517,PARABOLIC,0.097987959865484,0.023347093277032806,0.07998289790221504,0.0012606197058193055,0.027202551607526444,4,0.5263759932935292,0.20227117848344273,0.011974331582881442,0.23529373760242053,True,True
10,20,952.6716327958733,64.37522782968608,14.699743281942107,2.1981964156941003,0.24395711208903587,0.1051923588521804,0.2560645894173351,0.03407954999030539,0.1852010739479517,OGIVE,0.10231730437136763,0.023347093277032806,0.07998289790221504,0.0013924811762120934,0.02720255160752644,3,0.489830912409728,0.11268677919425363,0.02123802549873346,0.1841296841354306,True,True
11,0,990.8504419844658,76.97860440989885,17.6826153538998,2.2955747403454936,0.2741881919247929,0.0952723812688665,0.24755270057077391,0.034505786083006536,0.1852010739479517,PARABOLIC,0.09467307671852453,0.015501783449697049,0.07998289790221504,0.0014016735109750426,0.027202551607526444,3,0.6387178394150873,0.10824720989042519,0.011974331582881442,0.1821265018958417,True,True
11,1,990.4149915099867,78.64931402081228,18.216054329537396,1.5493180779395592,0.2881603796508546,0.09365269804952986,0.25540810280922915,0.03450578608300654,0.16251097904848882,OGIVE,0.10216324112369167,0.014528555507769509,0.08953477328993083,0.0012828053461204087,0.023722854833416497,4,0.3002498595189578,0.25797893096045854,0.012289442183273398,0.1833933853784605,True,True
11,2,998.6893703692153,75.60912189242698,17.412560194004023,1.3532351635516477,0.2822114137184415,0.09640885141064957,0.35154994011031565,0.031183450701910056,0.14385301507624046,PARABOLIC,0.11229616376246424,0.018746603947981846,0.08752001929253225,0.003187172104317585,0.02,3,0.38631505991447046,0.21617356434211096,0.012201816621647522,0.18340725951346165,True,True
11,3,997.850704425712,75.79750875697987,17.505742591995492,2.0728975211838865,0.27003802118984116,0.0961942549166453,0.3016761679620059,0.032427843757264145,0.1812392832886203,OGIVE,0.09093553144387309,0.032663795478529864,0.09093553144387309,0.0016062398899700215,0.023939488309441818,3,0.3841016099771208,0.2408909883812923,0.012193702107937994,0.18379283712997785,True,True
11,4,995.4829554115294,77.3682436286771,17.738162836060187,1.2899987844102383,0.2805630540927309,0.09494127952360887,0.25186039833965423,0.03440129319214702,0.183899510379743,OGIVE,0.09734174591547193,0.023177725029345717,0.06949164383625558,0.0013590649075648897,0.022559244758098847,3,0.4720600653850543,0.20227117848344273,0.01216191435510609,0.1813807682443298,True,True
11,5,995.542178172038,76.04283125444996,17.635586333486973,2.2145005125768327,0.2728908807244782,0.09566916346756904,0.27354657468583626,0.034023288207527515,0.17095436280502838,OGIVE,0.09093553144387309,0.032663795478529864,0.09093553144387309,0.001507794688224437,0.028106000536152538,3,0.3841016099771208,0.2408909883812923,0.012006119335713349,0.18453857078148977,True,True
11,6,998.0640085684194,76.35513464171184,17.55416200124955,2.0371513792273808,0.2782394640366919,0.09539234377407323,0.2558399084381726,0.034505786083006536,0.18273944193140523,PARABOLIC,0.10178666284831044,0.024490611070580783,0.07994781783123142,0.0012095097917550078,0.02720255160752644,3,0.5050372998315525,0.20227117848344273,0.011889112403503498,0.1821099178769095,True,True
11,7,994.0110721148716,77.81693695900422,17.913231062533484,1.7531536226099491,0.2784862330358583,0.0944435071040755,0.2558399084381726,0.034505786083006536,0.1780580264473975,PARABOLIC,0.0865096624816951,0.02307992061730832,0.08014966373549576,0.0012608782763331018,0.027202551607526437,3,0.3073925379068291,0.2187728352357548,0.011987680812815028,0.18212073107661253,True,True
11,8,966.6538983142037,82.44792087809861,19.04605607944735,0.9202262291652337,0.2990422777621279,0.09129965428034814,0.26903047473441516,0.03508233548708772,0.1864671866996625,OGIVE,0.08934683017960848,0.025565319502903475,0.08192827134153767,0.0016017002803996147,0.02016777886700663,3,0.4720600653850543,0.20615500878294915,0.005843712329272731,0.18213396441037957,True,True
11,9,987.0707853417355,72.06705517984386,16.528084904985892,1.7233118408619486,0.2585238741109337,0.09829138815490181,0.25624707452911005,0.03522415590084958,0.1893455035544557,OGIVE,0.10249882981164403,0.023138820459916606,0.0729325389136175,0.0014722186049552092,0.02632762527087299,3,0.5101750589698703,0.34281785891924904,0.011959288670220251,0.18254084597098258,True,True
11,10,984.2492733643437,72.63688244704187,16.660107722426428,2.23448727239672,0.2713094835800547,0.09786410652121882,0.28394854473924247,0.03450578608300654,0.1852330836482857,PARABOLIC,0.09734174591547193,0.022786951058433418,0.07343763398396752,0.0012606197058193053,0.02742126970916043,3,0.4331851831890593,0.20227117848344273,0.012005246387335581,0.1821265018958417,True,True
11,11,999.7809716871808,75.9416812230517,17.446903321746817,1.6425099276057327,0.27693742778871294,0.09565379298730556,0.2558399084381726,0.03450578608300654,0.18559250094182952,PARABOLIC,0.10178666284831044,0.024614212381768603,0.08142317627118767,0.0012097683622688043,0.026507038883175585,3,0.3613344013823806,0.20227117848344273,0.01185819759904936,0.18210414705768033,True,True
11,12,964.8324764196472,86.71144799900536,17.49657812417316,1.88686111795836,0.2497765185758165,0.08937228381962026,0.24847249143211692,0.031319031034497985,0.1852010739479517,PARABOLIC,0.09554967594507535,0.023347093277032806,0.08856763716347296,0.0012621054424809056,0.02720255160752644,3,0.2553961758066813,0.20227117848344273,0.011974331582881442,0.15,True,True
11,13,998.9326512783514,75.68309102382504,17.3973660888637,1.9449211234439938,0.2762110952604233,0.09577840792217522,0.2558399084381726,0.03450578608300654,0.1856245106421635,PARABOLIC,0.10178666284831044,0.024223438410856297,0.07998289790221504,0.001208282625607204,0.02720255160752644,3,0.45821733836978173,0.20227117848344273,0.011889112403503498,0.18210414705768033,True,True
11,14,970.8799827257513,72.00125588907363,16.543165360699916,2.7987914938886846,0.24948187398937047,0.09812268741017405,0.24755270057077391,0.034505786083006536,0.1947099661846821,PARABOLIC,0.09467307671852453,0.03042131999744729,0.07998289790221504,0.0012606197058193055,0.027202551607526444,4,0.6387178394150873,0.20227117848344273,0.011974331582881442,0.1821265018958417,True,True
11,15,954.2620969562685,87.08927328905648,20.331488378406775,1.1553053377847642,0.2981931666451578,0.08893092834214426,0.222947479206783,0.033918795316668,0.16965279923681967,OGIVE,0.0891789916827132,0.032663795478529864,0.0891789916827132,0.0016062398899700215,0.023939488309441818,3,0.42098424437116455,0.1736167108940014,0.009744645156235904,0.18379283712997785,True,True
12,0,999.7809716871808,75.9416812230517,17.446903321746817,1.6425099276057327,0.27693742778871294,0.09565379298730556,0.2558399084381726,0.03450578608300654,0.18559250094182952,PARABOLIC,0.10178666284831044,0.024614212381768603,0.08142317627118767,0.0012097683622688043,0.026507038883175585,3,0.3613344013823806,0.20227117848344273,0.01185819759904936,0.18210414705768033,True,True
12,1,999.7809716871808,75.9416812230517,17.446903321746817,1.6425099276057327,0.27693742778871294,0.09565379298730556,0.2558399084381726,0.03450578608300654,0.18559250094182952,PARABOLIC,0.10178666284831044,0.024614212381768603,0.08142317627118767,0.0012097683622688043,0.026507038883175585,3,0.3613344013823806,0.20227117848344273,0.01185819759904936,0.18210414705768033,True,True
12,2,978.0075076127112,72.81935096944603,16.7060283403704,0.8847050633862771,0.2779849444026615,0.09814279735814072,0.31851830864065206,0.033829905223344926,0.14385301507624046,OGIVE,0.11229616376246424,0.023467369013827254,0.07817875614993991,0.003187172104317585,0.02,3,0.3886218575983407,0.22290091311387245,0.011870231858692118,0.18329515296070584,True,True
12,3,982.6592850894606,78.97824539520529,18.181503118323047,2.3408114446158836,0.2732723520089615,0.09398183810650403,0.2888715399078362,0.031859331561571676,0.18559250094182952,PARABOLIC,0.10178666284831044,0.0198934473159232,0.10034734695120401,0.0012097683622688043,0.026507038883175585,3,0.3660243125045968,0.20227117848344273,0.012133322907596285,0.18210414705768033,True,True
12,4,919.1305916969283,55.66406057857249,12.468208720622131,1.7841756197189824,0.2328182917074728,0.11387728455344519,0.35154994011031565,0.031238542345477825,0.1580902544425694,OGIVE,0.1145437431360987,0.017218187953451147,0.09710292682995626,0.003187172104317585,0.02,3,0.39331176872055695,0.19082894636022346,0.027757984957542045,0.18273634761117846,True,True
12,5,991.5523476599777,78.16276445862378,18.03985009319128,2.0582756161508766,0.2705572487023097,0.09412124476674634,0.2558399084381726,0.034505786083006536,0.17096383458162276,PARABOLIC,0.10178666284831044,0.023347093277032806,0.07998289790221504,0.0012606197058193053,0.02791656973212166,3,0.4693124568980083,0.2081020699177133,0.011974331582881442,0.18268530724536908,True,True
12,6,943.4465999232881,89.0807838577455,20.815183475047945,0.9765476467790863,0.3147331589368981,0.08735679627597283,0.3515499401103157,0.031183450701910052,0.14385301507624046,OGIVE,0.11229616376246424,0.018746603947981846,0.09710292682995626,0.003112509325832488,0.02,3,0.39331176872055695,0.34300685668204706,0.003305831381483085,0.18329515296070584,True,True
12,7,998.807494715099,75.64504494158174,17.405277907807037,1.342101178400386,0.2795456830565281,0.09639392007184047,0.3515499401103157,0.031183450701910052,0.14385301507624046,OGIVE,0.11229616376246424,0.018746603947981846,0.09710292682995626,0.003187172104317585,0.02,3,0.39331176872055695,0.22290091311387245,0.012145357167239043,0.18329515296070584,True,True
12,8,991.8062054762484,73.64683726132404,16.88017191928941,2.0223460669985394,0.26522991274386803,0.09754091809117876,0.2558399084381726,0.034505786083006536,0.1852010739479517,PARABOLIC,0.09775891064342611,0.023122661732466597,0.07487791235294014,0.0012249068172359226,0.026818540255434432,3,0.4720600653850543,0.13179707805129529,0.013882034765860808,0.18212098429764453,True,True
12,9,998.7292724973174,75.62098710855378,17.367343700059287,1.9410933817599214,0.2724688770147539,0.09592966757242367,0.2558399084381726,0.03450578608300654,0.1856245106421635,OGIVE,0.10178666284831044,0.024278501707735416,0.07998289790221504,0.0012439955141905865,0.027059204310092927,3,0.45821733836978173,0.20227117848344273,0.011889112403503498,0.1821096646558775,True,True
12,10,997.1852923248358,75.15037434356617,17.196776258742744,1.2121543258916379,0.27221925709338585,0.09618673995599084,0.2558399084381726,0.035151460230001784,0.17973035217564076,PARABOLIC,0.10233596337526905,0.018163184705304616,0.09358278221553283,0.001404546679423432,0.023915254500993445,3,0.4172986326035255,0.1515454744403243,0.01227714811595922,0.18141677130804224,True,True
12,11,959.595731262506,67.39123574187268,15.468155852824951,2.5003666439726167,0.2558204451434077,0.10251189678586031,0.3016761679620059,0.032147528451309,0.18247579786965923,PARABOLIC,0.09093553144387309,0.032663795478529864,0.08141407871654668,0.002597826598320466,0.027226785415974813,3,0.42335610442895033,0.06844851558449827,0.014779339260637141,0.1845025677177773,True,True
12,12,999.7306821191521,76.07367922453923,17.46918298764954,1.6606317220039521,0.27588141545939526,0.09566477022616299,0.2558399084381726,0.03450578608300654,0.18563181897152756,PARABOLIC,0.10178666284831044,0.024358271822789823,0.08011457346680946,0.0012097683622688043,0.026507038883175585,3,0.3613344013823806,0.20227117848344273,0.011872019183736563,0.18210414705768033,True,True
12,13,978.07974054911,70.49874538555203,16.176221221844436,2.192301263556376,0.25498568056427445,0.09935353357091764,0.2558399084381726,0.034505786083006536,0.18558519261246548,PARABOLIC,0.10028915303571488,0.024479378969835076,0.08129150070659324,0.0012097683622688043,0.02720255160752644,4,0.34311738084037324,0.20227117848344273,0.01412372452809479,0.18210414705768033,True,True
12,14,999.7244952618333,76.07556032138226,17.470223931556518,1.7231684950665904,0.2760342129577914,0.09563922603805669,0.2558399084381726,0.03450578608300654,0.18559250094182952,OGIVE,0.09561885228667459,0.024939077932348817,0.08142317627118767,0.001266022539876851,0.026421235886162884,3,0.3613344013823806,0.20227117848344273,0.011816270313496254,0.18210414705768033,True,True
12,15,962.9306547532622,83.10577535311208,21.43126088609749,1.8709741817170764,0.31390438856828584,0.09054313797258834,0.2558399084381726,0.03463885769917724,0.1852010739479517,PARABOLIC,0.10233596337526905,0.022852859478765503,0.07487791235294014,0.001,0.02681155998182227,3,0.4720600653850543,0.20227117848344273,0.006152960662328437,0.21002053023175,True,True
12,16,989.2715900846622,78.96269954348841,18.24490650633885,1.5425025771958283,0.286410307685335,0.09406889060908803,0.35154994011031565,0.031183450701910056,0.14385301507624046,PARABOLIC,0.11229030611979142,0.021243264513493457,0.08775539074117995,0.0022777035839709634,0.02,3,0.36266759829957884,0.2121761172007559,0.01215422221465083,0.18340725951346165,True,True
12,17,986.6975232925353,71.95373849549443,16.463739614058152,1.4857166835947375,0.27340537827003836,0.09863714453012283,0.2558399084381726,0.03450578608300654,0.18559250094182952,PARABOLIC,0.10179252049098325,0.022117551816256992,0.08118780482253997,0.0021192368826154252,0.026507038883175585,3,0.3849818629972722,0.20626862562479775,0.011905792006046053,0.18210414705768033,True,True
12,18,959.6489980231431,65.6198347843318,14.997015629261972,2.1128620989025273,0.26162359462445806,0.1032345554416364,0.3775319785766425,0.03488494801138996,0.17095436280502838,OGIVE,0.0852990834616443,0.032663795478529864,0.0852990834616443,0.001507794688224437,0.02276016161289405,3,0.3841016099771208,0.22354995796821442,0.012006119335713349,0.18349043320254596,True,True
12,19,993.6405112516612,77.598369301336,17.972590726158522,2.054423324449244,0.2702848856648068,0.0953361119123948,0.2475645362195094,0.030321790898047617,0.16324222412672854,PARABOLIC,0.09902581448780377,0.018746603947981846,0.08752001929253225,0.003187172104317585,0.025345838923258493,4,0.38631505991447046,0.23351459475518885,0.012201816621647522,0.18445539709240547,True,True
12,20,971.960917996603,75.66986998144189,15.264354044142593,3.1994390001811976,0.24614440916481325,0.09483391906667422,0.3055198640007424,0.03572475666647143,0.1852010739479517,CONICAL,0.10178666284831042,0.029014175127804596,0.07998289790221504,0.0012606197058193053,0.027202551607526437,4,0.5641260885783587,0.20227117848344273,0.011974331582881442,0.15,True,True
12,21,996.6421843284064,74.98475415339738,17.229807432609537,1.895864373275084,0.26956594813329654,0.09633838580190011,0.2558399084381726,0.03450578608300653,0.1852010739479517,PARABOLIC,0.10178666284831042,0.023347093277032806,0.07998289790221504,0.001371548790739459,0.027202551607526437,3,0.4693124568980083,0.20227117848344273,0.011974331582881442,0.18213728735028537,True,True
13,0,992.0958457619963,73.59893807698664,16.871731350631073,1.4489884354969311,0.2665449058447665,0.09735758924002706,0.2558399084381726,0.03450578608300654,0.2,PARABOLIC,0.10233596337526905,0.02851284885240918,0.0742596446765541,0.0012097683622688043,0.02378095589685931,3,0.45555969957043363,0.20227117848344273,0.01185819759904936,0.1821164927674318,True,True
13,1,999.6371199566881,75.89769240617757,17.43809912631086,1.7846969677053923,0.272252079364298,0.09574352096895539,0.2558399084381726,0.034505786083006536,0.18535401818263597,OGIVE,0.09556691550844469,0.02350515000384079,0.07487791235294014,0.0012606197058193053,0.02672575698480957,3,0.37783476719700126,0.20227117848344273,0.011974331582881442,0.18211415618609023,True,True
13,2,999.7809716871808,75.9416812230517,17.446903321746817,1.6425099276057327,0.27693742778871294,0.09565379298730556,0.2558399084381726,0.03450578608300654,0.18559250094182952,PARABOLIC,0.10178666284831044,0.024614212381768603,0.08142317627118767,0.0012097683622688043,0.026507038883175585,3,0.3613344013823806,0.20227117848344273,0.01185819759904936,0.1821041470576803,True,True
13,3,981.3357458215394,73.40293861493458,18.30311032105272,2.4450998437523923,0.29273417281210445,0.09740037316701405,0.2558399084381726,0.03450578608300654,0.18559250094182952,PARABOLIC,0.10178666284831044,0.01801183987405835,0.08142317627118767,0.0012097683622688043,0.033537293266267997,3,0.3613344013823806,0.20227117848344273,0.01185819759904936,0.20497048985257577,True,True
13,4,993.863896160141,77.86166119749848,17.952141954965416,1.6403255368330116,0.28291512108094025,0.09514409014742693,0.3515499401103157,0.030027992176024764,0.14385301507624046,OGIVE,0.11229616376246424,0.024245981290325416,0.07917830250360547,0.003187172104317585,0.02,3,0.3672984071487314,0.22290091311387245,0.012287578780294173,0.18342749975562664,True,True
13,5,992.4522409984905,73.70762573346919,16.90143397480583,1.4366853628400733,0.2684605357370035,0.09707304363900046,0.2558399084381726,0.035661244608891834,0.18559250094182952,PARABOLIC,0.10178666284831044,0.019114835039425033,0.09934780059753848,0.0012097683622688043,0.026507038883175585,3,0.38734776295420614,0.20227117848344273,0.011715975985994227,0.18197180026275953,True,True
13,6,999.583202829589,75.88151562346921,17.438943084381375,1.6385200602099956,0.2806890095303803,0.09568224084422601,0.2558399084381726,0.03450578608300654,0.18563181897152756,PARABOLIC,0.10178666284831044,0.024699191508776593,0.08011457346680946,0.0012097683622688043,0.026507038883175585,3,0.36133440138238054,0.20227117848344273,0.01187845026417508,0.18210414705768033,True,True
13,7,999.8691045831283,75.96842967614246,17.446605834237214,1.6612597557457827,0.2731823886141817,0.09563632236924252,0.2558399084381726,0.03450578608300654,0.18559250094182952,PARABOLIC,0.10178666284831044,0.024273292695781837,0.08142317627118767,0.0012097683622688043,0.026507038883175585,3,0.36133440138238054,0.20227117848344273,0.011851766518610843,0.18210414705768033,True,True
13,8,914.9642798336769,93.76546632199171,21.832517717712584,2.5695207416184744,0.29583800400887,0.08626686037503083,0.2558399084381726,0.028449593330345045,0.18592242989043448,PARABOLIC,0.10233596337526905,0.01617179923379594,0.07615881908351861,0.0012261315661315677,0.024479140560035816,3,0.4720600653850543,0.20227117848344273,0.011974331582881442,0.18212965221148594,True,True
13,9,994.1453951395057,77.7762233059941,17.889555265921395,1.9752871891035917,0.2710057573681681,0.09451290295931943,0.2558399084381726,0.03450578608300654,0.18513723551732048,PARABOLIC,0.09640504865603994,0.022885490242268602,0.08369890596137938,0.0012427707652949414,0.02673955641378977,3,0.45821733836978173,0.20227117848344273,0.01087051564457534,0.1821009967420361,True,True
13,10,982.9327923370771,72.91504921066758,16.725575776110865,2.3459844347414447,0.26289344299939654,0.09797327489306586,0.26970892703774685,0.032509473843854914,0.18559250094182952,PARABOLIC,0.09837645522434299,0.024800440703396445,0.08539080655033315,0.002182387377797856,0.03121074892223617,3,0.3613344013823806,0.1815866766672902,0.01185819759904936,0.18225718317766884,True,True
13,11,919.2827343527667,86.73358790426417,20.173706018756594,0.6322297718892645,0.30235348193126277,0.08937960656223393,0.2507304271116541,0.03317976294106169,0.14385301507624046,OGIVE,0.10029217084466165,0.018560375626354004,0.09710292682995626,0.002214553088788533,0.02,3,0.39331176872055695,0.22290091311387245,0.012145357167239043,0.18314211684071732,True,True
13,12,999.7690612373666,76.06204006082024,17.487126940787242,1.7297561664227226,0.27395256005343765,0.09557431669973786,0.2558399084381726,0.034505786083006536,0.18385647584879442,PARABOLIC,0.10178666284831044,0.026149980697407895,0.08202552172208816,0.0012097683622688043,0.026507038883175585,3,0.41820090719668246,0.18783239538762453,0.011969330271696832,0.18210414705768033,True,True
13,13,999.8240516354185,75.95474298147494,17.468603598745283,1.9602475561565509,0.2746733267508745,0.09565748750099332,0.2558399084381726,0.03450578608300654,0.18399313840406034,PARABOLIC,0.10178666284831044,0.02274570894143436,0.07998289790221504,0.0012606197058193053,0.027202551607526437,3,0.4693124568980083,0.2030198025560095,0.01186319891023397,0.1821265018958417,True,True
13,14,999.8410773088509,76.04020898246408,17.470619948497877,1.8319953639468287,0.2700345734303394,0.09562833899666383,0.2558399084381726,0.03450578608300654,0.1856245106421635,PARABOLIC,0.10178666284831044,0.024341578686758916,0.07998289790221504,0.001208601769335366,0.026194995982153135,3,0.45821733836978173,0.20227117848344273,0.011889112403503498,0.18210414705768035,True,True
13,15,998.7646471790995,75.63165153377376,17.388976334339883,1.8086383221409494,0.2686047763851628,0.09580428327988796,0.2558399084381726,0.03450578608300654,0.18559250094182952,PARABOLIC,0.10178666284831044,0.024496072105865983,0.08142317627118767,0.0012094492185406424,0.02751459450854889,3,0.3613344013823806,0.20227117848344273,0.01185819759904936,0.18210414705768035,True,True
13,16,999.0468935599342,76.13663374945867,17.484988205792952,2.023871019173618,0.2741260036413471,0.09572234891771239,0.2558399084381726,0.034505786083006536,0.18399313840406034,PARABOLIC,0.10233596337526905,0.020860175433984964,0.07998289790221504,0.0012606197058193053,0.027202551607526437,3,0.4693124568980083,0.2032380979025055,0.011974331582881442,0.1821265018958417,True,True
13,17,999.9525531161307,75.99365265069164,17.450198079825345,1.6183294825250711,0.26622247030779,0.09567021331140378,0.2558399084381726,0.03450578608300654,0.18563181897152756,PARABOLIC,0.10178666284831044,0.02437668904986706,0.08011457346680946,0.0012097683622688043,0.026507038883175585,3,0.3613344013823806,0.20227117848344273,0.011876865889009831,0.18210414705768033,True,True
13,18,993.7973849102358,75.97921503049419,17.491442551786527,2.3053742810844677,0.26937310903562617,0.09542909759305612,0.2558399084381726,0.03375943545974003,0.18559250094182952,PARABOLIC,0.09783547456939652,0.024595795154691368,0.08142317627118767,0.0012097683622688043,0.026507038883175585,4,0.3613344013823806,0.20227117848344273,0.011564047497479591,0.18210414705768033,True,True
13,19,978.3610505066449,73.08431099292486,16.759147292429095,2.6023577893529115,0.2588489043347416,0.09774783562006967,0.2558399084381726,0.03318093446504716,0.18559402872080016,OGIVE,0.10178666284831044,0.02474178698269274,0.07998289790221504,0.0012439955141905865,0.026431575945321396,4,0.45821733836978173,0.20227117848344273,0.014393048235523865,0.18210925996819083,True,True
13,20,999.171280673492,75.75577750644875,17.404658216580785,1.7283059621922052,0.2746442640543191,0.09578783772676494,0.2558399084381726,0.03450578608300654,0.18562298286319287,OGIVE,0.10178666284831044,0.024150927106811285,0.08142317627118767,0.0012097683622688043,0.027134667247947115,3,0.3613344013823806,0.20227117848344273,0.01185819759904936,0.182104551745367,True,True
14,0,999.2842600945115,76.20970264595299,17.51484194853251,1.7012728981795642,0.27739098556127667,0.09559112373213231,0.2558399084381726,0.03450578608300654,0.18565162729378565,OGIVE,0.09551722399525436,0.025165540956779725,0.08172837789945422,0.0012097683622688043,0.026557561401719137,3,0.3613344013823806,0.20227117848344273,0.011916811811608509,0.18210414705768033,True,True
14,1,998.6303379062483,75.59071577417754,17.410533549484065,1.781706328629411,0.2686607727381975,0.09580005658146772,0.2558399084381726,0.034505786083006536,0.1851419475959956,PARABOLIC,0.10233596337526905,0.02262639645433459,0.07457271072467359,0.0012606197058193053,0.026675234466266018,3,0.4720600653850543,0.20227117848344273,0.011915717370322293,0.1821265018958417,True,True
14,2,999.6057809654342,75.88827624275571,17.448603842083266,1.8123869018006142,0.2767127457794566,0.09563673958900559,0.2558399084381726,0.03450578608300654,0.1856245106421635,PARABOLIC,0.10178666284831044,0.024239633858961853,0.07998289790221504,0.001209457718936624,0.026424449573221372,3,0.45821733836978173,0.20227117848344273,0.011862601865873682,0.1821041470576803,True,True
14,3,950.7948553844354,73.104290219866,19.306875918511466,0.6555675995023772,0.3404072071313548,0.09827116067240317,0.2538916903819093,0.03450578608300654,0.2,PARABOLIC,0.10155667615276372,0.02505149347820932,0.08142317627118767,0.0012089124126675463,0.02,3,0.3408089315322202,0.21133031332622598,0.011884708136679176,0.22286328756950657,True,True
14,4,879.1431421338192,50.32295520056794,11.146225900035466,3.1090694959164304,0.18098583978098723,0.11893730582432985,0.2558399084381726,0.034887429612401086,0.18563181897152756,PARABOLIC,0.0899051317809817,0.03038841758669278,0.078467438222674,0.0012097683622688043,0.037857736012542054,3,0.36133440138238054,0.20227117848344273,0.03309040845786455,0.18210414705768033,True,True
14,5,980.7802500967709,80.97205040753481,18.719319570020787,1.4245073852615142,0.2997028608947216,0.0917660444861925,0.2558399084381726,0.03586832096573381,0.1722333808724199,OGIVE,0.10178666284831044,0.024273292695781837,0.07903238486961915,0.0012097683622688043,0.026507038883175585,3,0.3613344013823806,0.20227117848344273,0.007793392388358209,0.18210414705768033,True,True
14,6,999.183889975281,75.75968435185173,17.41752458966453,1.6307105942199684,0.27672858878205814,0.0956617112522589,0.2558399084381726,0.03450578608300654,0.18564005799178276,PARABOLIC,0.10178666284831044,0.024473307328101684,0.08142317627118767,0.0012097683622688043,0.026507038883175585,3,0.3613344013823806,0.20227117848344273,0.01186409451067145,0.18210414705768033,True,True
14,7,988.4426358750995,72.48637526030954,16.71624421181279,1.9459885897777307,0.29723902818929193,0.09607127793876996,0.3028478647214286,0.04,0.18557695359221027,CONICAL,0.10178666284831044,0.024482483740425835,0.07998289790221504,0.001208601769335366,0.030214280204988717,3,0.4337046536758379,0.20227117848344273,0.00756797456555106,0.18210414705768035,True,True
14,8,999.7809716871808,75.9416812230517,17.446903321746817,1.6425099276057327,0.27693742778871294,0.09565379298730556,0.2558399084381726,0.03450578608300654,0.18559250094182952,PARABOLIC,0.10178666284831044,0.024614212381768606,0.08142317627118767,0.0012097683622688043,0.026507038883175585,3,0.3613344013823806,0.20227117848344273,0.01185819759904936,0.18210414705768033,True,True
14,9,999.7809716871808,75.9416812230517,17.446903321746817,1.6425099276057327,0.27693742778871294,0.09565379298730556,0.2558399084381726,0.03450578608300654,0.18559250094182952,PARABOLIC,0.10178666284831044,0.024614212381768606,0.08142317627118767,0.0012097683622688043,0.026507038883175585,3,0.3613344013823806,0.20227117848344273,0.01185819759904936,0.18210414705768033,True,True
14,10,990.906353446211,73.55682291276372,16.84969701347001,2.052563414783182,0.2670539973857804,0.09750759106318004,0.2558399084381726,0.03450578608300654,0.2,PARABOLIC,0.10000511618536378,0.027644989508486276,0.08142317627118767,0.0011565883629217077,0.026507038883175585,3,0.5277588095137329,0.20227117848344273,0.01185819759904936,0.18210414705768033,True,True
14,11,966.8534353599496,84.22435109011012,19.533551097194554,1.604738184082979,0.2958108424429692,0.08988320988755272,0.2558399084381726,0.03450578608300654,0.19075655150503715,PARABOLIC,0.09133147744357346,0.024614212381768603,0.08142317627118767,0.001715767297818633,0.026507038883175585,3,0.4136648011856755,0.20227117848344273,0.004140810094623997,0.18210414705768033,True,True
14,12,967.2201254000669,84.15164592149165,19.50140142175932,1.321426481824703,0.30023763645019763,0.09020069221507158,0.2558399084381726,0.03450578608300654,0.18563181897152756,CONICAL,0.10233596337526905,0.027194082609124755,0.07996278445167244,0.0018229868469119442,0.02352629216343962,3,0.45180030964429413,0.2026522269275625,0.011878507954623488,0.18211918734726656,True,True
14,13,999.3973627094124,75.82460037580789,17.426569232814614,1.7969387479029284,0.27179205967798586,0.09567160028420746,0.2558399084381726,0.03450578608300654,0.18399313840406034,PARABOLIC,0.10178666284831044,0.024855697193476065,0.08013468691735205,0.0012606197058193053,0.026840805649604275,3,0.43633462647361365,0.20263875411188972,0.011863141219785562,0.18211146160625546,True,True
14,14,903.28393536242,102.18575250986375,20.69460053095222,1.7193973161213985,0.2640099847017128,0.08248308115444568,0.2558399084381726,0.026995087076901025,0.18459344190235544,OGIVE,0.10178666284831044,0.027629748972444256,0.08157856189547698,0.0012097683622688043,0.020468733858313284,3,0.2998078154165711,0.20227117848344273,0.011933796325649592,0.15,True,True
14,15,998.9224141082865,75.67974702735124,17.414843011137794,1.6890478324752223,0.2688716255096107,0.09563702869721738,0.2558399084381726,0.03450578608300654,0.1848555348882685,PARABOLIC,0.10178666284831044,0.026149980697407895,0.08187013609779885,0.0012097683622688043,0.026507038883175585,3,0.41820090719668246,0.18783239538762453,0.0118937315450966,0.18210414705768033,True,True
14,16,955.1035543111361,86.97158158653964,20.217638478293576,1.7292736627125975,0.298891951789929,0.08845119856807544,0.2558399084381726,0.03450578608300654,0.18563181897152756,CONICAL,0.09640809832930128,0.02287145376241181,0.07978364915303227,0.0012097683622688043,0.026507038883175585,3,0.3613344013823806,0.20227117848344273,0.011876865889009831,0.18210414705768033,True,True
14,17,999.3873503074914,75.82159823749342,17.42815316810846,1.6231022974627003,0.27342072736345213,0.0956724096184672,0.2558399084381726,0.03450578608300654,0.18563181897152756,PARABOLIC,0.10178666284831045,0.024346035382591745,0.08139232226033837,0.0012097683622688043,0.026507038883175585,3,0.3613344013823806,0.20227117848344273,0.011880054812009275,0.18210414705768033,True,True
14,18,999.6220756117881,75.89321707693777,17.444307211214998,1.6204062803744879,0.27586714123179656,0.09563412606217911,0.2558399084381726,0.03450578608300654,0.18559250094182952,PARABOLIC,0.10178666284831045,0.02430394636305715,0.08014542747765876,0.0012097683622688043,0.026507038883175585,3,0.36133440138238054,0.20227117848344273,0.0118485775956114,0.18210414705768033,True,True
14,19,999.3759588682019,75.81812532257854,17.44476430422074,1.855066233955866,0.2733943422112682,0.09562926712947559,0.2558399084381726,0.03450578608300654,0.18559250094182952,PARABOLIC,0.10178666284831044,0.024246431683720697,0.08142317627118767,0.0012097683622688043,0.026507038883175585,3,0.49276652367561274,0.20227117848344273,0.011845581082394342,0.18210414705768035,True,True
14,20,999.6517045074086,76.09764319609043,17.477767895861028,1.5734219600972765,0.2794379938135118,0.09565271330769877,0.2558399084381726,0.03450578608300654,0.1856245106421635,PARABOLIC,0.10178666284831044,0.02470935938480682,0.07998289790221504,0.001208601769335366,0.026194995982153135,3,0.3267852160765496,0.20227117848344273,0.011901728920158514,0.18210414705768033,True,True
14,21,981.3568251643102,81.48241026805441,18.1573314415546,1.6224026943524785,0.2693874120896021,0.09233098402489394,0.23735164119275268,0.03351118785020232,0.18559250094182952,PARABOLIC,0.09494065647710108,0.024614212381768603,0.08142317627118767,0.0012097683622688043,0.026507038883175585,3,0.3613344013823806,0.0,0.01185819759904936,0.17354302122761575,True,True
15,0,977.0089758178776,69.2425477995519,15.80134849557512,1.6840983332695458,0.262993965485063,0.10087350494571815,0.2558399084381726,0.03450578608300654,0.18563181897152756,PARABOLIC,0.10233596337526905,0.024358271822789823,0.07942964592063645,0.0012097683622688043,0.026507038883175585,3,0.3613344013823806,0.07216207535116592,0.01706296665285187,0.18210414705768035,True,True
15,1,999.3393032757507,76.19298774959681,17.48920738444405,1.8743046719008387,0.2753481612329705,0.09563395665126712,0.2558399084381726,0.03450578608300654,0.1856245106421635,PARABOLIC,0.10178666284831044,0.024341578686758916,0.0801680421058368,0.001208601769335366,0.026194995982153135,3,0.45821733836978173,0.20227117848344273,0.011894730058106782,0.18210414705768033,True,True
15,2,985.4914680929267,72.90996454420389,16.748125646933882,2.217189444826045,0.268314101714527,0.0974158884752192,0.2558399084381726,0.03450578608300654,0.1848555348882685,OGIVE,0.10178666284831044,0.03424427950660145,0.08187013609779885,0.0012097683622688043,0.026507038883175585,4,0.41820090719668246,0.18783239538762453,0.0118937315450966,0.18210414705768033,True,True
15,3,999.9016544584643,75.97861175451418,17.477321870484097,1.7778393382046884,0.281741324614157,0.09552563762154287,0.2558399084381726,0.03450578608300654,0.18399313840406034,PARABOLIC,0.10178666284831044,0.024855697193476065,0.08013468691735205,0.0012197581536589745,0.026840805649604275,3,0.43633462647361365,0.20239997649271818,0.0118574356292152,0.18211146160625546,True,True
15,4,999.7064814797023,75.91886837589333,17.42423011092371,1.6640092323928266,0.273386511812408,0.09577990393296835,0.2558399084381726,0.03450578608300654,0.18559250094182952,PARABOLIC,0.10178666284831044,0.024273292695781837,0.08142317627118767,0.0012506299144291353,0.026507038883175585,3,0.36133440138238054,0.20250995610261424,0.011857472109181207,0.18210414705768033,True,True
15,5,966.1766738231141,84.04391938663844,19.850553329633946,1.7298518987536682,0.3030122239723984,0.09031575856993582,0.2558399084381726,0.03450578608300654,0.2,CONICAL,0.10178666284831045,0.024346035382591745,0.08139232226033837,0.0012097683622688043,0.026507038883175585,3,0.3613344013823806,0.20227117848344273,0.011880054812009275,0.18703002540513294,True,True
15,6,998.7176746745582,75.61743610694894,17.366132406063546,1.6244060767131687,0.271944427283006,0.09587849957049516,0.2558399084381726,0.03450578608300654,0.18563181897152756,PARABOLIC,0.10178666284831045,0.023751427339206627,0.08000278062270877,0.0012777790725107504,0.026507038883175585,3,0.3613344013823806,0.20330573773912655,0.011876865889009831,0.18210414705768033,True,True
15,7,999.7477059347733,76.06869664523761,17.508338065489568,1.911860865530067,0.26911370877633733,0.09544532022132328,0.2558399084381726,0.03450578608300654,0.18399313840406034,PARABOLIC,0.10178666284831045,0.023370970652094793,0.08009469074631573,0.0011926089955773592,0.027202551607526437,3,0.4693124568980083,0.2019852433003256,0.01186319891023397,0.1821265018958417,True,True
15,8,983.2475905806941,76.85194349908437,21.480656693739814,1.8014838594848113,0.34692424253507964,0.09506799094490828,0.26973337338790904,0.03450578608300654,0.2,CONICAL,0.10178666284831044,0.024358271822789823,0.08011457346680946,0.0016643645389266336,0.026507038883175585,3,0.3613344013823806,0.2393131138176829,0.011872019183736563,0.23700977479047372,True,True
15,9,973.7644317393236,74.20142206328602,23.073985354778035,1.5180908856477906,0.38780592502543126,0.09757997348206317,0.2133542995397198,0.03450578608300654,0.18399313840406034,OGIVE,0.08534171981588792,0.01900462878460466,0.07998289790221504,0.0016723125100180805,0.027202551607526437,3,0.4693124568980083,0.2030198025560095,0.011854888920752052,0.27455068625200635,True,True
15,10,999.2239555064707,75.7719708769274,17.393339340661093,1.5465597058072986,0.2791744932786653,0.09589727982311506,0.2558399084381726,0.03450578608300654,0.1856245106421635,PARABOLIC,0.10178666284831044,0.02470935938480682,0.07998289790221504,0.0012792096607158856,0.026194995982153135,3,0.3267852160765496,0.20227117848344273,0.011910038909640432,0.18210414705768033,True,True
15,11,999.8074225305683,75.94980018952437,17.45442595432067,1.5543132875180383,0.27879928501155665,0.09565098613593102,0.2558399084381726,0.03450578608300654,0.18578766721296774,PARABOLIC,0.10178666284831044,0.02369610462675514,0.07996579969697709,0.0012097683622688043,0.026507038883175585,3,0.3177496453552938,0.20227117848344273,0.011858100506336523,0.18210414705768033,True,True
15,12,998.3579793264992,76.03011531758025,17.463815662635874,2.075770713220079,0.278028737310151,0.09567824475133288,0.2558399084381726,0.03450578608300654,0.18383729016262015,PARABOLIC,0.10178666284831044,0.02342629336454628,0.0801316716720474,0.0012606197058193053,0.027202551607526437,3,0.512897212925095,0.2030198025560095,0.011881964292907277,0.1821265018958417,True,True
15,13,999.6433940787359,76.10003857370866,17.480224172106247,1.6039868458253859,0.2839537760048848,0.09567509351740112,0.2558399084381726,0.03450578608300654,0.1856245106421635,PARABOLIC,0.10178666284831042,0.02470935938480682,0.08187301920926571,0.0012083569202923701,0.026540094495318686,3,0.3267852160765496,0.20227117848344273,0.011871662345561342,0.18210414705768033,True,True
15,14,999.390863640807,76.1772923906386,17.491127892771445,1.6599723224941998,0.274684109037074,0.09563138902210434,0.2558399084381726,0.03450578608300654,0.18559250094182952,PARABOLIC,0.10178666284831042,0.024614212381768603,0.079533054964137,0.0012100132113118,0.02616194037001003,3,0.3613344013823806,0.20227117848344273,0.011888264173646534,0.18210414705768033,True,True
15,15,999.7383473813344,76.0715176178505,17.495263254167472,1.9401673728601283,0.2701476482539208,0.09549251387818357,0.2558399084381726,0.03450578608300654,0.1840732549295962,PARABOLIC,0.10178666284831044,0.024614212381768606,0.08142317627118767,0.0012097683622688043,0.026816418145960134,3,0.5132837436152012,0.20227117848344273,0.011859474782445725,0.18210414705768033,True,True
15,16,998.9204571712894,75.67953780364897,17.386905475131545,1.5838825979937068,0.28157670078622926,0.09581749391705954,0.2558399084381726,0.03450578608300654,0.18551238441629367,PARABOLIC,0.10178666284831044,0.02274570894143436,0.07998289790221504,0.0012606197058193053,0.026893172344741888,3,0.31736311466518774,0.2030198025560095,0.011861921726837605,0.1821265018958417,True,True
15,17,972.8138695343509,77.88755782683465,17.874881768981727,0.790345327518038,0.27888195029410673,0.0948701329444952,0.23010272099539147,0.03480278045483718,0.18563753769340205,PARABOLIC,0.0920410883981566,0.024381163383968996,0.08014188659410798,0.0018286768637830364,0.021824574720903475,3,0.36133440138238054,0.20227117848344273,0.011880075829914075,0.18210414705768033,True,True
15,18,995.4164306754185,74.61128856251814,17.59427896565166,1.7075555222133503,0.2742943783001409,0.09650966854290736,0.2558399084381726,0.03450578608300654,0.194703177308531,OGIVE,0.10178666284831045,0.0242688183616799,0.08139586314388915,0.001,0.026507038883175585,3,0.3613344013823806,0.20227117848344273,0.011848556577706601,0.18919232353717716,True,True
15,19,999.5260492743552,76.13619574084828,17.48944020933474,1.6078142618309617,0.27114305538945466,0.09551294541156652,0.2558399084381726,0.03450578608300654,0.1856099699488873,PARABOLIC,0.0981341070105819,0.024341578686758916,0.08259922492431458,0.0012096482250468815,0.026194995982153135,3,0.34028892990390325,0.20227117848344273,0.011889112403503498,0.18210414705768035,True,True
15,20,949.8529154447858,85.57310350740536,20.299403547457853,2.475650428457704,0.286418900431171,0.09028399649065585,0.2558399084381726,0.030764054582087193,0.18560704163510577,PARABOLIC,0.10178666284831044,0.024614212381768603,0.07825778115380289,0.001208721906557289,0.026507038883175585,3,0.479262809848259,0.20227117848344273,0.01185819759904936,0.18820460515469184,True,True
15,21,957.3313767208821,86.44666361070009,20.09116266733243,1.4843387592277466,0.3014186602155499,0.08866866419150339,0.2558399084381726,0.03450578608300654,0.18563181897152756,CONICAL,0.10178666284831044,0.024358271822789823,0.08011457346680946,0.0012097683622688043,0.026507038883175585,3,0.2523497122040408,0.09939773288586394,0.011872019183736563,0.18210414705768033,True,True
